,ITEM_ID,ALTURA,COMPOSICAO,COR,LARGURA,MARCA,PROFUNDIDADE,TEM_FERRO_FUNDIDO,TEM_TAMPA,SESSION_ID,ITEM_PRICE,INTERESTED
120238,653448,31.0,1,1,31.0,1,21.0,1,0.0,431.385568971,309.0125,0.0
120260,653448,31.0,1,1,31.0,1,21.0,1,0.0,194.231001912,305.9,0.0
120351,653448,31.0,1,1,31.0,1,21.0,1,0.0,920.364598355,305.9,0.0
120439,224278714,18.5,2,2,21.5,2,26.0,1,1.0,386.145037268,39.9600952381,0.0
120452,224278714,18.5,2,2,21.5,2,26.0,1,1.0,514.398520416,39.89,0.0
120626,224278714,18.5,2,2,21.5,2,26.0,1,1.0,664.15934667,39.9531578947,0.0
120676,653448,31.0,1,1,31.0,1,21.0,1,0.0,629.174281229,305.9,0.0
120702,260006468,28.0,1,2,37.0,3,40.0,2,1.0,164.714554234,305.9,0.0
120851,653448,31.0,1,1,31.0,1,21.0,1,0.0,897.667376369,305.9,0.0
120865,224278714,18.5,2,2,21.5,2,26.0,1,1.0,652.067518097,41.458775,0.0
120927,224278714,18.5,2,2,21.5,2,26.0,1,1.0,236.25803564400002,39.99,0.0
121017,224278714,18.5,2,2,21.5,2,26.0,1,1.0,712.458635504,39.99,0.0
121078,14807844,30.5,1,1,27.0,1,18.7,1,1.0,792.8555969260001,258.87,0.0
121357,653448,31.0,1,1,31.0,1,21.0,1,0.0,840.068333149,305.9,1.0
121374,224278714,18.5,2,2,21.5,2,26.0,1,1.0,711.411685256,39.99,0.0
121388,14807844,30.5,1,1,27.0,1,18.7,1,1.0,33.2292785841,258.9,0.0
121406,224278714,18.5,2,2,21.5,2,26.0,1,1.0,181.386623035,41.8827272727,0.0
121465,224278714,18.5,2,2,21.5,2,26.0,1,1.0,571.662329299,39.99,0.0
121624,224278714,18.5,2,2,21.5,2,26.0,1,1.0,123.98777585,38.945,0.0
121655,224278714,18.5,2,2,21.5,2,26.0,1,1.0,700.474230998,39.615,0.0
121668,224278714,18.5,2,2,21.5,2,26.0,1,1.0,822.958657617,44.99,0.0
121779,258444752,16.0,2,3,21.5,4,32.5,1,1.0,374.558266969,195.478478261,0.0
121799,653448,31.0,1,1,31.0,1,21.0,1,0.0,444.83311433800003,345.966956522,0.0
121833,653448,31.0,1,1,31.0,1,21.0,1,0.0,98.4453112043,305.9,0.0
122084,224278714,18.5,2,2,21.5,2,26.0,1,1.0,347.806444869,39.99,0.0
122241,224278714,18.5,2,2,21.5,2,26.0,1,1.0,921.9761356710001,38.5430769231,0.0
122294,224278714,18.5,2,2,21.5,2,26.0,1,1.0,908.3102585510001,39.99,0.0
122339,224278714,18.5,2,2,21.5,2,26.0,1,1.0,798.731746458,39.99,0.0
122447,224278714,18.5,2,2,21.5,2,26.0,1,1.0,953.514711562,39.9025,0.0
122547,224278714,18.5,2,2,21.5,2,26.0,1,1.0,702.032201407,38.438,0.0
122579,258445104,18.0,2,3,25.5,4,36.3,1,1.0,226.79392205599999,109.678571429,0.0
122761,653448,31.0,1,1,31.0,1,21.0,1,0.0,896.9147218210001,305.96046875,0.0
122828,260008314,30.0,1,2,51.0,5,51.0,2,1.0,459.282105294,139.99,0.0
122849,224278714,18.5,2,2,21.5,2,26.0,1,1.0,263.58790282900003,39.7488461538,0.0
122853,224278714,18.5,2,2,21.5,2,26.0,1,1.0,248.43670761099997,39.99,0.0
122861,653448,31.0,1,1,31.0,1,21.0,1,0.0,65.0545189512,402.4225,0.0
122906,224278714,18.5,2,2,21.5,2,26.0,1,1.0,505.61848221699995,44.99,0.0
122930,653448,31.0,1,1,31.0,1,21.0,1,0.0,626.968759349,305.9,0.0
122964,224278714,18.5,2,2,21.5,2,26.0,1,1.0,606.699350198,38.5725,0.0
123025,224278714,18.5,2,2,21.5,2,26.0,1,1.0,366.102337376,40.3157894737,0.0
123101,224278714,18.5,2,2,21.5,2,26.0,1,1.0,856.084410516,39.99,0.0
123130,224278714,18.5,2,2,21.5,2,26.0,1,1.0,62.1545315048,39.1696178344,0.0
123183,14807844,30.5,1,1,27.0,1,18.7,1,1.0,873.72093555,128.0797452229333,0.0
123191,258447356,16.0,2,4,21.5,4,32.5,1,1.0,783.517187693,216.98987261146664,0.0
123194,653448,31.0,1,1,31.0,1,21.0,1,0.0,617.70135985,305.9,0.0
123299,224278714,18.5,2,2,21.5,2,26.0,1,1.0,39.7133674145,39.99,1.0
123306,14807840,28.2,1,1,22.5,1,16.2,1,1.0,778.5542420119998,39.99,0.0
123313,224278714,18.5,2,2,21.5,2,26.0,1,1.0,294.095430286,39.99,0.0
123439,224278714,18.5,2,2,21.5,2,26.0,1,1.0,163.66164603200002,38.5430769231,0.0
123683,224278714,18.5,2,2,21.5,2,26.0,1,1.0,531.950376869,39.7075675676,0.0
123846,224278714,18.5,2,2,21.5,2,26.0,1,1.0,521.172513497,37.9,0.0
123853,653448,31.0,1,1,31.0,1,21.0,1,0.0,522.789587268,305.9,0.0
123905,653448,31.0,1,1,31.0,1,21.0,1,0.0,134.83090582399998,305.9,0.0
123989,258445948,18.0,2,4,25.5,4,36.3,1,1.0,156.54809491700001,109.99,1.0
124043,224278714,18.5,2,2,21.5,2,26.0,1,1.0,186.398241189,39.99,0.0
124254,258447356,16.0,2,4,21.5,4,32.5,1,1.0,223.783389116,118.49,0.0
124360,14807840,28.2,1,1,22.5,1,16.2,1,1.0,754.884128277,196.99,0.0
124398,653448,31.0,1,1,31.0,1,21.0,1,0.0,140.581533334,305.9,0.0
124459,653448,31.0,1,1,31.0,1,21.0,1,0.0,558.457639994,305.9,0.0
124594,224278714,18.5,2,2,21.5,2,26.0,1,1.0,815.9049230889999,41.8827272727,0.0
124625,14807844,30.5,1,1,27.0,1,18.7,1,1.0,919.69616185,255.998235294,0.0
124642,224278714,18.5,2,2,21.5,2,26.0,1,1.0,503.420222964,39.615,0.0
124715,14807840,28.2,1,1,22.5,1,16.2,1,1.0,160.904585284,196.99,0.0
124826,224278714,18.5,2,2,21.5,2,26.0,1,1.0,455.865656835,39.99,1.0
124864,224278714,18.5,2,2,21.5,2,26.0,1,1.0,589.435603285,37.9,1.0
124888,258445104,18.0,2,3,25.5,4,36.3,1,1.0,144.94625639,107.84714285700001,0.0
124934,653448,31.0,1,1,31.0,1,21.0,1,0.0,919.8930388560001,416.9,0.0
124966,14807848,36.0,1,1,18.1,1,13.0,1,1.0,21.093406149,150.9,0.0
125066,224278714,18.5,2,2,21.5,2,26.0,1,1.0,124.449878648,39.99,1.0
125204,224278714,18.5,2,2,21.5,2,26.0,1,1.0,359.352441527,44.99,1.0
125227,224278714,18.5,2,2,21.5,2,26.0,1,1.0,387.308865379,38.9996969697,0.0
125346,258445104,18.0,2,3,25.5,4,36.3,1,1.0,714.514886668,109.99,0.0
125451,224278714,18.5,2,2,21.5,2,26.0,1,1.0,415.020795776,39.99,0.0
125566,224278714,18.5,2,2,21.5,2,26.0,1,1.0,227.215388472,39.99,1.0
125584,14807844,30.5,1,1,27.0,1,18.7,1,1.0,655.880280759,258.87,0.0
125630,224278714,18.5,2,2,21.5,2,26.0,1,1.0,543.868613034,38.438,0.0
125696,653448,31.0,1,1,31.0,1,21.0,1,0.0,194.79203778299998,416.9,0.0
125705,258445072,18.0,2,3,23.5,4,34.5,1,1.0,337.425067462,228.445,0.0
125733,224278714,18.5,2,2,21.5,2,26.0,1,1.0,525.147747468,39.99,0.0
125748,224278714,18.5,2,2,21.5,2,26.0,1,1.0,419.81620457199995,44.99,0.0
125752,258445948,18.0,2,4,25.5,4,36.3,1,1.0,213.101206773,109.99,0.0
125768,690680,33.0,2,5,21.7,1,23.0,1,1.0,807.3238148089999,207.945,0.0
125934,653448,31.0,1,1,31.0,1,21.0,1,0.0,708.198650473,305.9,0.0
126005,14807844,30.5,1,1,27.0,1,18.7,1,1.0,15.957160921400002,258.87,0.0
126035,258445104,18.0,2,3,25.5,4,36.3,1,1.0,638.08993452,107.84714285700001,0.0
126041,224278714,18.5,2,2,21.5,2,26.0,1,1.0,887.960663101,38.9996969697,0.0
126090,258445104,18.0,2,3,25.5,4,36.3,1,1.0,253.13226065799998,109.654615385,0.0
126163,14807840,28.2,1,1,22.5,1,16.2,1,1.0,791.553191867,196.99,1.0
126170,224278714,18.5,2,2,21.5,2,26.0,1,1.0,651.4933617959999,39.6416666667,0.0
126185,224278714,18.5,2,2,21.5,2,26.0,1,1.0,291.683529636,44.99,1.0
126212,224278714,18.5,2,2,21.5,2,26.0,1,1.0,65.4482478795,39.99,0.0
126216,224278714,18.5,2,2,21.5,2,26.0,1,1.0,689.1556261239999,39.99,0.0
126494,653448,31.0,1,1,31.0,1,21.0,1,0.0,341.904569024,305.96046875,0.0
126520,224278714,18.5,2,2,21.5,2,26.0,1,1.0,302.73839785,39.061111111100004,0.0
126538,653448,31.0,1,1,31.0,1,21.0,1,0.0,266.630314124,305.9,0.0
126590,224278714,18.5,2,2,21.5,2,26.0,1,1.0,934.28428089,39.2933333333,0.0
126617,224278714,18.5,2,2,21.5,2,26.0,1,1.0,160.577013615,38.5725,0.0
126629,224278714,18.5,2,2,21.5,2,26.0,1,1.0,441.67611037800003,39.99,1.0
126699,224278714,18.5,2,2,21.5,2,26.0,1,1.0,77.490621041,39.99,0.0
126812,224278714,18.5,2,2,21.5,2,26.0,1,1.0,554.040812922,44.99,0.0
126814,14807848,36.0,1,1,18.1,1,13.0,1,1.0,966.796661316,150.9,0.0
126927,224278714,18.5,2,2,21.5,2,26.0,1,1.0,295.147139959,44.99,0.0
126930,653448,31.0,1,1,31.0,1,21.0,1,0.0,691.355371951,305.99214285700003,0.0
127101,653448,31.0,1,1,31.0,1,21.0,1,0.0,323.929763569,172.68337912080003,0.0
127191,224278714,18.5,2,2,21.5,2,26.0,1,1.0,171.414107748,39.3746153846,0.0
127362,258445104,18.0,2,3,25.5,4,36.3,1,1.0,719.453344357,99.99,0.0
127470,224278714,18.5,2,2,21.5,2,26.0,1,1.0,820.421021501,39.99,0.0
127594,224278714,18.5,2,2,21.5,2,26.0,1,1.0,149.979814344,39.99,0.0
127597,224278714,18.5,2,2,21.5,2,26.0,1,1.0,963.6046144960001,39.4675,0.0
127645,258445104,18.0,2,3,25.5,4,36.3,1,1.0,174.073377947,104.99,0.0
127666,224278714,18.5,2,2,21.5,2,26.0,1,1.0,854.480745306,39.2933333333,0.0
127689,258445104,18.0,2,3,25.5,4,36.3,1,1.0,519.906573881,96.59666666665001,0.0
127785,14807848,36.0,1,1,18.1,1,13.0,1,1.0,667.039346201,153.9,0.0
127808,224278714,18.5,2,2,21.5,2,26.0,1,1.0,913.120840112,44.99,0.0
127811,653448,31.0,1,1,31.0,1,21.0,1,0.0,318.268740838,305.9,0.0
127855,224278714,18.5,2,2,21.5,2,26.0,1,1.0,17.9079923434,38.945,0.0
127920,653448,31.0,1,1,31.0,1,21.0,1,0.0,515.0039312380001,305.9,0.0
127929,224278714,18.5,2,2,21.5,2,26.0,1,1.0,394.281637639,39.99,1.0
127955,14807844,30.5,1,1,27.0,1,18.7,1,1.0,322.623728883,255.75,1.0
127957,653448,31.0,1,1,31.0,1,21.0,1,0.0,697.892452928,305.9,0.0
128099,258445948,18.0,2,4,25.5,4,36.3,1,1.0,457.42971149699997,109.99,0.0
128191,224278714,18.5,2,2,21.5,2,26.0,1,1.0,576.508681605,40.06,0.0
128226,653448,31.0,1,1,31.0,1,21.0,1,0.0,99.595910968,305.9,0.0
128280,653448,31.0,1,1,31.0,1,21.0,1,0.0,507.89013096699995,479.59,0.0
128294,224278714,18.5,2,2,21.5,2,26.0,1,1.0,187.43430098299999,39.99,0.0
128316,224278714,18.5,2,2,21.5,2,26.0,1,1.0,213.314481183,39.1696178344,0.0
128365,224278714,18.5,2,2,21.5,2,26.0,1,1.0,278.304255561,38.438,0.0
128389,260008314,30.0,2,2,51.0,5,51.0,2,1.0,554.576620422,139.99,0.0
128410,224278714,18.5,2,2,21.5,2,26.0,1,1.0,775.8830075980002,37.9,0.0
128414,258445104,18.0,2,3,25.5,4,36.3,1,1.0,953.915068258,109.654615385,0.0
128471,258447356,16.0,2,4,21.5,4,32.5,1,1.0,761.5745299939999,79.99,1.0
128477,258445948,18.0,2,4,25.5,4,36.3,1,1.0,6.768107625669999,99.99,1.0
128645,224278714,18.5,2,2,21.5,2,26.0,1,1.0,769.79315973,44.8205,0.0
128834,260006468,28.0,2,2,37.0,3,40.0,2,1.0,979.834723467,104.99,0.0
128837,14807844,30.5,1,1,27.0,1,18.7,1,1.0,328.486157305,258.9,0.0
128839,224278714,18.5,2,2,21.5,2,26.0,1,1.0,477.100850387,44.99,0.0
128842,224278714,18.5,2,2,21.5,2,26.0,1,1.0,510.27896162800005,39.99,0.0
128849,653448,31.0,1,1,31.0,1,21.0,1,0.0,707.118809895,358.99,0.0
129099,260006586,30.0,1,2,51.0,5,51.0,2,1.0,27.123300316799998,209.99,0.0
129102,224278714,18.5,2,2,21.5,2,26.0,1,1.0,875.4457812589999,39.7075675676,0.0
129170,224278714,18.5,2,2,21.5,2,26.0,1,1.0,686.274361254,44.99,0.0
129202,224278714,18.5,2,2,21.5,2,26.0,1,1.0,917.094120827,39.99,0.0
129212,224278714,18.5,2,2,21.5,2,26.0,1,1.0,897.449689577,39.99,0.0
129371,653448,31.0,1,1,31.0,1,21.0,1,0.0,741.9420839589999,305.9,0.0
129487,224278714,18.5,2,2,21.5,2,26.0,1,1.0,5.4848374973,44.99,0.0
129490,224278714,18.5,2,2,21.5,2,26.0,1,1.0,881.415053606,38.945,0.0
129536,14807840,28.2,1,1,22.5,1,16.2,1,1.0,600.90048284,196.99,1.0
129565,653448,31.0,1,1,31.0,1,21.0,1,0.0,479.685401295,309.0125,0.0
129586,224278714,18.5,2,2,21.5,2,26.0,1,1.0,198.684843905,39.99,0.0
129676,224278714,18.5,2,2,21.5,2,26.0,1,1.0,359.339863499,38.9996969697,0.0
129830,224278714,18.5,2,2,21.5,2,26.0,1,1.0,287.49324865,38.736,0.0
129998,653448,31.0,1,1,31.0,1,21.0,1,0.0,610.981046352,305.9,0.0
130027,224278714,18.5,2,2,21.5,2,26.0,1,1.0,301.51091516599996,39.9600952381,0.0
130040,224278714,18.5,2,2,21.5,2,26.0,1,1.0,520.999709407,39.7075675676,0.0
130146,224278714,18.5,2,2,21.5,2,26.0,1,1.0,830.695878997,38.438,0.0
130168,653448,31.0,1,1,31.0,1,21.0,1,0.0,293.112724866,305.96046875,0.0
130294,224278714,18.5,2,2,21.5,2,26.0,1,1.0,203.67993967799998,39.1696178344,0.0
130306,258444752,16.0,2,3,21.5,4,32.5,1,1.0,742.465046453,87.99,0.0
130340,224278714,18.5,2,2,21.5,2,26.0,1,1.0,386.26209641699995,38.9996969697,0.0
130342,224278714,18.5,2,2,21.5,2,26.0,1,1.0,725.4761656119998,39.9025,0.0
130362,224278714,18.5,2,2,21.5,2,26.0,1,1.0,827.912725382,37.9,1.0
130387,14807844,30.5,1,1,27.0,1,18.7,1,1.0,894.9147654039999,256.725,0.0
130445,14807840,28.2,1,1,22.5,1,16.2,1,1.0,199.81463969,150.9,1.0
130526,224278714,18.5,2,2,21.5,2,26.0,1,1.0,26.7699636973,40.06,0.0
130547,224278714,18.5,2,2,21.5,2,26.0,1,1.0,255.641743147,39.572,0.0
130576,260006468,28.0,2,2,37.0,3,40.0,2,1.0,168.00956854,99.99,0.0
130579,653448,31.0,1,1,31.0,1,21.0,1,0.0,539.8979302930001,305.9,0.0
130727,224278714,18.5,2,2,21.5,2,26.0,1,1.0,73.4634723267,44.99,1.0
130769,224278714,18.5,2,2,21.5,2,26.0,1,1.0,577.22074256,39.99,0.0
130988,653448,31.0,1,1,31.0,1,21.0,1,0.0,960.6125449780001,305.9,0.0
131033,14807844,30.5,1,1,27.0,1,18.7,1,1.0,878.7784672989999,255.998235294,0.0
131171,224278714,18.5,2,2,21.5,2,26.0,1,1.0,937.441474348,39.99,0.0
131187,14807844,30.5,1,1,27.0,1,18.7,1,1.0,507.49959024699996,251.65,0.0
131198,224278714,18.5,2,2,21.5,2,26.0,1,1.0,940.079161357,41.8827272727,0.0
131289,224278714,18.5,2,2,21.5,2,26.0,1,1.0,338.445529728,39.99,0.0
131377,224278714,18.5,2,2,21.5,2,26.0,1,1.0,12.8272544354,39.99,0.0
131394,14807840,28.2,1,1,22.5,1,16.2,1,1.0,34.455283871199995,39.99,0.0
131467,224278714,18.5,2,2,21.5,2,26.0,1,1.0,893.4278481939999,39.99,0.0
131474,653448,31.0,1,1,31.0,1,21.0,1,0.0,381.178886131,305.9,0.0
131591,690680,33.0,2,5,21.7,1,23.0,1,1.0,552.002711543,172.87833333334999,0.0
131604,224278714,18.5,2,2,21.5,2,26.0,1,1.0,769.692332933,39.8566666667,0.0
131605,224278714,18.5,2,2,21.5,2,26.0,1,1.0,900.262259689,44.99,1.0
131656,224278714,18.5,2,2,21.5,2,26.0,1,1.0,129.419672427,39.615,0.0
131675,258444752,16.0,2,3,21.5,4,32.5,1,1.0,498.890772565,98.89,0.0
131698,14807844,30.5,1,1,27.0,1,18.7,1,1.0,304.525157717,71.94,0.0
131756,224278714,18.5,2,2,21.5,2,26.0,1,1.0,370.254390044,44.99,0.0
131874,224278714,18.5,2,2,21.5,2,26.0,1,1.0,914.71297169,38.438,0.0
131885,224278714,18.5,2,2,21.5,2,26.0,1,1.0,39.417664749000004,44.99,0.0
131899,653448,31.0,1,1,31.0,1,21.0,1,0.0,170.725258285,305.9,0.0
131973,224278714,18.5,2,2,21.5,2,26.0,1,1.0,46.5367705068,39.572,0.0
132066,224278714,18.5,2,2,21.5,2,26.0,1,1.0,709.927933151,39.8904761905,0.0
132095,224278714,18.5,2,2,21.5,2,26.0,1,1.0,734.5465333139999,39.99,0.0
132168,224278714,18.5,2,2,21.5,2,26.0,1,1.0,790.8982902419998,39.1696178344,0.0
132246,224278714,18.5,2,2,21.5,2,26.0,1,1.0,985.3437750439999,40.3157894737,0.0
132275,260008314,30.0,2,2,51.0,5,51.0,2,1.0,32.8275032918,139.99,0.0
132442,224278714,18.5,2,2,21.5,2,26.0,1,1.0,754.208135042,37.9,1.0
132492,224278714,18.5,2,2,21.5,2,26.0,1,1.0,293.13613301099997,39.572,0.0
133083,224278714,18.5,2,2,21.5,2,26.0,1,1.0,22.542898833699997,39.99,0.0
133153,224278714,18.5,2,2,21.5,2,26.0,1,1.0,101.73147432399999,39.8566666667,0.0
133165,224278714,18.5,2,2,21.5,2,26.0,1,1.0,976.245174152,41.458775,0.0
133241,224278714,18.5,2,2,21.5,2,26.0,1,1.0,676.33847078,37.99,1.0
133321,224278714,18.5,2,2,21.5,2,26.0,1,1.0,791.9649428260001,39.7075675676,0.0
133368,224278714,18.5,2,2,21.5,2,26.0,1,1.0,508.693342627,37.9,0.0
133410,653448,31.0,1,1,31.0,1,21.0,1,0.0,500.268760938,305.961428571,0.0
133449,224278714,18.5,2,2,21.5,2,26.0,1,1.0,495.264265752,44.99,0.0
133458,224278714,18.5,2,2,21.5,2,26.0,1,1.0,715.43663,38.945,0.0
133476,14807848,36.0,1,1,18.1,1,13.0,1,1.0,130.933965658,150.9,0.0
133511,224278714,18.5,2,2,21.5,2,26.0,1,1.0,83.4286569068,38.438,0.0
133557,258445104,18.0,2,3,25.5,4,36.3,1,1.0,426.374798643,99.99,1.0
133656,258445104,18.0,2,3,25.5,4,36.3,1,1.0,898.59865776,107.84714285700001,0.0
133825,224278714,18.5,2,2,21.5,2,26.0,1,1.0,605.531286165,39.99,0.0
133834,224278714,18.5,2,2,21.5,2,26.0,1,1.0,112.215359474,39.99,1.0
134062,690680,33.0,2,5,21.7,1,23.0,1,1.0,97.1994210189,89.99000000000002,0.0
134195,260008314,30.0,2,2,51.0,5,51.0,2,1.0,836.909324614,139.99,0.0
134203,224278714,18.5,2,2,21.5,2,26.0,1,1.0,849.828314485,39.99,0.0
134293,224278714,18.5,2,2,21.5,2,26.0,1,1.0,308.74523299,40.06,0.0
134311,653448,31.0,1,1,31.0,1,21.0,1,0.0,679.773214703,40.02500000000001,0.0
134317,224278714,18.5,2,2,21.5,2,26.0,1,1.0,239.923692813,39.99,0.0
134365,260006586,30.0,2,2,51.0,5,51.0,2,1.0,128.54567696,209.99,0.0
134388,224278714,18.5,2,2,21.5,2,26.0,1,1.0,789.6193029169998,39.99,0.0
134390,260008314,30.0,2,2,51.0,5,51.0,2,1.0,795.463319008,139.99,0.0
134398,14807848,36.0,1,1,18.1,1,13.0,1,1.0,652.913505093,144.4,0.0
134480,653448,31.0,1,1,31.0,1,21.0,1,0.0,694.6741591719998,305.9,0.0
134552,224278714,18.5,2,2,21.5,2,26.0,1,1.0,79.44589285970001,38.438,0.0
134577,224278714,18.5,2,2,21.5,2,26.0,1,1.0,435.13417108,39.99,0.0
134629,258444752,16.0,2,3,21.5,4,32.5,1,1.0,20.3924276169,42.49,0.0
134650,224278714,18.5,2,2,21.5,2,26.0,1,1.0,735.761642802,44.99,1.0
134762,224278714,18.5,2,2,21.5,2,26.0,1,1.0,874.580328308,39.99,0.0
134794,653448,31.0,1,1,31.0,1,21.0,1,0.0,404.684917521,305.99214285700003,0.0
134854,653448,31.0,1,1,31.0,1,21.0,1,0.0,78.1247502498,305.9,0.0
134904,224278714,18.5,2,2,21.5,2,26.0,1,1.0,630.365901476,44.99,1.0
134964,653448,31.0,1,1,31.0,1,21.0,1,0.0,941.15456272,345.966956522,0.0
134970,224278714,18.5,2,2,21.5,2,26.0,1,1.0,219.588375147,39.2933333333,0.0
135034,224278714,18.5,2,2,21.5,2,26.0,1,1.0,34.3910799945,40.3157894737,0.0
135068,224278714,18.5,2,2,21.5,2,26.0,1,1.0,971.27284717,39.99,0.0
135083,653448,31.0,1,1,31.0,1,21.0,1,0.0,443.643059896,305.96046875,0.0
135100,224278714,18.5,2,2,21.5,2,26.0,1,1.0,544.233356416,37.9,0.0
135174,653448,31.0,1,1,31.0,1,21.0,1,0.0,718.645481657,305.9,0.0
135340,224278714,18.5,2,2,21.5,2,26.0,1,1.0,111.32538289799999,43.2175,0.0
135436,653448,31.0,1,1,31.0,1,21.0,1,0.0,922.9527193810001,41.60375000000001,0.0
135472,224278714,18.5,2,2,21.5,2,26.0,1,1.0,841.586684839,39.99,1.0
135711,224278714,18.5,2,2,21.5,2,26.0,1,1.0,685.536784826,39.7577777778,0.0
135822,224278714,18.5,2,2,21.5,2,26.0,1,1.0,863.197429255,40.06,0.0
135935,224278714,18.5,2,2,21.5,2,26.0,1,1.0,448.56828889300004,39.6416666667,0.0
135947,224278714,18.5,2,2,21.5,2,26.0,1,1.0,378.06624921599996,39.99,0.0
135993,653448,31.0,1,1,31.0,1,21.0,1,0.0,752.752247002,305.9,0.0
135994,224278714,18.5,2,2,21.5,2,26.0,1,1.0,385.567597977,39.99,0.0
136010,653448,31.0,1,1,31.0,1,21.0,1,0.0,262.685961562,305.9,1.0
136026,224278714,18.5,2,2,21.5,2,26.0,1,1.0,272.909103367,44.99,0.0
136245,224278714,18.5,2,2,21.5,2,26.0,1,1.0,440.691217789,44.99,1.0
136352,653448,31.0,1,1,31.0,1,21.0,1,0.0,235.031014787,305.9,0.0
136362,653448,31.0,1,1,31.0,1,21.0,1,0.0,507.43456959400004,305.9,1.0
136376,224278714,18.5,2,2,21.5,2,26.0,1,1.0,284.36463759599997,39.8566666667,0.0
136381,224278714,18.5,2,2,21.5,2,26.0,1,1.0,385.095597575,44.99,0.0
136453,224278714,18.5,2,2,21.5,2,26.0,1,1.0,662.733676388,39.99,0.0
136485,653448,31.0,1,1,31.0,1,21.0,1,0.0,56.4320613221,39.946250000000006,0.0
136535,224278714,18.5,2,2,21.5,2,26.0,1,1.0,472.86682761554994,39.9025,0.0
136653,224278714,18.5,2,2,21.5,2,26.0,1,1.0,889.301593909,39.99,0.0
136949,224278714,18.5,2,2,21.5,2,26.0,1,1.0,879.604868692,44.99,0.0
136955,224278714,18.5,2,2,21.5,2,26.0,1,1.0,271.91244734,44.99,1.0
137058,224278714,18.5,2,2,21.5,2,26.0,1,1.0,328.555109725,39.99,0.0
137069,224278714,18.5,2,2,21.5,2,26.0,1,1.0,734.6999382719998,39.6416666667,0.0
137082,258444752,16.0,2,3,21.5,4,32.5,1,1.0,452.06066879800005,87.99,1.0
137120,14807848,36.0,1,1,18.1,1,13.0,1,1.0,510.587142086,201.293333333,0.0
137151,653448,31.0,1,1,31.0,1,21.0,1,0.0,518.477367136,305.9,0.0
137170,14807840,28.2,1,1,22.5,1,16.2,1,1.0,434.71979898,175.897966102,0.0
137207,14807840,28.2,1,1,22.5,1,16.2,1,1.0,626.4194513909999,196.99,0.0
137241,224278714,18.5,2,2,21.5,2,26.0,1,1.0,896.782079635,39.99,1.0
137245,690680,33.0,2,5,21.7,1,23.0,1,1.0,795.2228164039999,39.99,0.0
137278,224278714,18.5,2,2,21.5,2,26.0,1,1.0,657.266374991,39.99,0.0
137382,224278714,18.5,2,2,21.5,2,26.0,1,1.0,193.858348062,39.99,1.0
137423,224278714,18.5,2,2,21.5,2,26.0,1,1.0,68.4926317374,39.99,0.0
137459,653448,31.0,1,1,31.0,1,21.0,1,0.0,421.78694675800006,305.9,0.0
137520,653448,31.0,1,1,31.0,1,21.0,1,0.0,623.3787074090001,305.9,0.0
137528,224278714,18.5,2,2,21.5,2,26.0,1,1.0,349.03678209099996,39.99,0.0
137529,258445072,18.0,2,3,23.5,4,34.5,1,1.0,704.4745355860001,39.8025,0.0
137551,224278714,18.5,2,2,21.5,2,26.0,1,1.0,529.110878856,39.615,0.0
137637,224278714,18.5,2,2,21.5,2,26.0,1,1.0,405.533374565,39.99,0.0
137668,224278714,18.5,2,2,21.5,2,26.0,1,1.0,153.104144059,39.99,0.0
137695,224278714,18.5,2,2,21.5,2,26.0,1,1.0,954.792446936,44.99,0.0
137699,258447356,16.0,2,4,21.5,4,32.5,1,1.0,83.1075887362,44.99,0.0
137706,224278714,18.5,2,2,21.5,2,26.0,1,1.0,483.06426477,44.99,0.0
137798,224278714,18.5,2,2,21.5,2,26.0,1,1.0,840.3833968189999,39.99,0.0
138129,224278714,18.5,2,2,21.5,2,26.0,1,1.0,116.223236238,39.99,0.0
138435,224278714,18.5,2,2,21.5,2,26.0,1,1.0,941.9656134210001,41.840339506199996,0.0
138512,224278714,18.5,2,2,21.5,2,26.0,1,1.0,484.29880202199996,44.99,1.0
138558,224278714,18.5,2,2,21.5,2,26.0,1,1.0,195.627503874,39.99,0.0
138575,224278714,18.5,2,2,21.5,2,26.0,1,1.0,619.123548988,39.99,0.0
138625,260008912,28.0,2,2,37.0,3,40.0,2,1.0,820.2169717510001,94.99,0.0
138669,224278714,18.5,2,2,21.5,2,26.0,1,1.0,992.1281690410001,43.2175,0.0
138802,224278714,18.5,2,2,21.5,2,26.0,1,1.0,577.737306115,39.1696178344,0.0
138874,224278714,18.5,2,2,21.5,2,26.0,1,1.0,416.028706194,41.458775,0.0
138972,224278714,18.5,2,2,21.5,2,26.0,1,1.0,782.20505376,39.99,0.0
138983,224278714,18.5,2,2,21.5,2,26.0,1,1.0,209.226208492,39.99,0.0
138990,258445104,18.0,2,3,25.5,4,36.3,1,1.0,978.9139342269999,42.49,0.0
139004,224278714,18.5,2,2,21.5,2,26.0,1,1.0,942.5078384889999,44.99,0.0
139248,258444752,16.0,2,3,21.5,4,32.5,1,1.0,820.769773791,98.89,0.0
139345,224278714,18.5,2,2,21.5,2,26.0,1,1.0,877.3826255539999,39.8904761905,0.0
139361,224278714,18.5,2,2,21.5,2,26.0,1,1.0,316.452133762,39.99,0.0
139458,224278714,18.5,2,2,21.5,2,26.0,1,1.0,186.27587474900002,37.9,0.0
139478,653448,31.0,1,1,31.0,1,21.0,1,0.0,582.0985734440001,309.0125,0.0
139596,653448,31.0,1,1,31.0,1,21.0,1,0.0,552.783967931,211.17125,0.0
139619,258444860,18.0,2,4,23.5,4,34.5,1,1.0,947.6037223589999,113.33,0.0
139693,224278714,18.5,2,2,21.5,2,26.0,1,1.0,71.1016764828,39.99,0.0
139795,224278714,18.5,2,2,21.5,2,26.0,1,1.0,809.3463740589999,39.99,0.0
139815,224278714,18.5,2,2,21.5,2,26.0,1,1.0,360.180722362,40.2966666667,0.0
139844,653448,31.0,1,1,31.0,1,21.0,1,0.0,846.116867153,305.9,0.0
139943,224278714,18.5,2,2,21.5,2,26.0,1,1.0,537.94880297,44.99,0.0
139959,653448,31.0,1,1,31.0,1,21.0,1,0.0,281.511909895,345.966956522,0.0
140009,224278714,18.5,2,2,21.5,2,26.0,1,1.0,833.017603505,39.99,0.0
140152,224278714,18.5,2,2,21.5,2,26.0,1,1.0,266.692371507,44.99,0.0
140258,224278714,18.5,2,2,21.5,2,26.0,1,1.0,557.4675381659999,39.99,0.0
140524,258447356,16.0,2,4,21.5,4,32.5,1,1.0,808.470205778,87.99,0.0
140561,653448,31.0,1,1,31.0,1,21.0,1,0.0,858.032912203,305.9,0.0
140700,653448,31.0,1,1,31.0,1,21.0,1,0.0,928.836374283,305.9,0.0
140707,653448,31.0,1,1,31.0,1,21.0,1,0.0,597.712654535,358.99,1.0
140728,224278714,18.5,2,2,21.5,2,26.0,1,1.0,285.06492500400003,39.99,1.0
140829,224278714,18.5,2,2,21.5,2,26.0,1,1.0,680.078182662,39.99,0.0
140834,224278714,18.5,2,2,21.5,2,26.0,1,1.0,865.4361075039999,39.99,0.0
140858,653448,31.0,1,1,31.0,1,21.0,1,0.0,316.36218670200003,345.966956522,0.0
140874,224278714,18.5,2,2,21.5,2,26.0,1,1.0,666.601451552,39.99,0.0
140935,224278714,18.5,2,2,21.5,2,26.0,1,1.0,633.601898032,39.99,0.0
140937,653448,31.0,1,1,31.0,1,21.0,1,0.0,981.48599859,345.966956522,0.0
141063,224278714,18.5,2,2,21.5,2,26.0,1,1.0,943.665201865,38.736,0.0
141433,653448,31.0,1,1,31.0,1,21.0,1,0.0,741.516675553,305.961428571,0.0
141452,260006468,28.0,1,2,37.0,3,40.0,2,1.0,188.563877548,107.49,0.0
141572,258447356,16.0,2,4,21.5,4,32.5,1,1.0,392.65141476599996,87.99,0.0
141731,224278714,18.5,2,2,21.5,2,26.0,1,1.0,926.2271268589999,39.99,0.0
141752,224278714,18.5,2,2,21.5,2,26.0,1,1.0,47.6385596433,39.99,0.0
141847,14807844,30.5,1,1,27.0,1,18.7,1,1.0,912.857819935,258.9,0.0
141878,224278714,18.5,2,2,21.5,2,26.0,1,1.0,991.997768711,39.7075675676,0.0
141916,224278714,18.5,2,2,21.5,2,26.0,1,1.0,120.20227067299999,38.66,1.0
141922,224278714,18.5,2,2,21.5,2,26.0,1,1.0,845.7791281960001,37.9,0.0
142142,224278714,18.5,2,2,21.5,2,26.0,1,1.0,195.41963212099998,39.99,0.0
142192,224278714,18.5,2,2,21.5,2,26.0,1,1.0,122.902337718,39.9025,0.0
142266,224278714,18.5,2,2,21.5,2,26.0,1,1.0,1.023171788,39.99,0.0
142320,260006468,28.0,2,2,37.0,3,40.0,2,1.0,357.348174808,104.99,0.0
142328,260006468,28.0,2,2,37.0,3,40.0,2,1.0,617.289676633,99.99,0.0
142351,224278714,18.5,2,2,21.5,2,26.0,1,1.0,532.14339188,39.9600952381,0.0
142435,224278714,18.5,2,2,21.5,2,26.0,1,1.0,111.734528925,39.99,1.0
142624,224278714,18.5,2,2,21.5,2,26.0,1,1.0,895.052428533,39.8566666667,0.0
142745,224278714,18.5,2,2,21.5,2,26.0,1,1.0,250.576767648,39.99,0.0
142781,224278714,18.5,2,2,21.5,2,26.0,1,1.0,706.6046005769998,44.99,0.0
142869,653448,31.0,1,1,31.0,1,21.0,1,0.0,283.661719532,305.9,0.0
142957,224278714,18.5,2,2,21.5,2,26.0,1,1.0,885.529333157,44.8205,0.0
143013,224278714,18.5,2,2,21.5,2,26.0,1,1.0,49.976314572700005,38.66,0.0
143022,258447356,16.0,2,4,21.5,4,32.5,1,1.0,986.185206565,87.99,0.0
143103,653448,31.0,1,1,31.0,1,21.0,1,0.0,716.9586048860001,358.99,0.0
143114,224278714,18.5,2,2,21.5,2,26.0,1,1.0,47.534988605100004,39.99,0.0
143117,224278714,18.5,2,2,21.5,2,26.0,1,1.0,858.639491581,44.8205,0.0
143134,224278714,18.5,2,2,21.5,2,26.0,1,1.0,110.346947724,39.99,0.0
143472,224278714,18.5,2,2,21.5,2,26.0,1,1.0,687.125149794,39.8904761905,0.0
143497,224278714,18.5,2,2,21.5,2,26.0,1,1.0,868.3816851460001,38.66,1.0
143524,224278714,18.5,2,2,21.5,2,26.0,1,1.0,406.967928066,41.8827272727,0.0
143547,224278714,18.5,2,2,21.5,2,26.0,1,1.0,234.680218184,39.99,0.0
143620,258445104,18.0,2,3,25.5,4,36.3,1,1.0,583.080742388,109.678571429,0.0
143726,690680,33.0,2,5,21.7,1,23.0,1,1.0,3.77826127499,207.7892857145,0.0
143785,653448,31.0,1,1,31.0,1,21.0,1,0.0,347.671344671,305.9,1.0
143845,224278714,18.5,2,2,21.5,2,26.0,1,1.0,859.228367922,39.99,1.0
143848,258444860,18.0,2,4,23.5,4,34.5,1,1.0,406.648591546,113.33,0.0
143937,224278714,18.5,2,2,21.5,2,26.0,1,1.0,112.02787282799999,39.9593159609,0.0
143952,653448,31.0,1,1,31.0,1,21.0,1,0.0,682.869423339,305.9,0.0
144087,224278714,18.5,2,2,21.5,2,26.0,1,1.0,1.66293301193,44.99,1.0
144205,653448,31.0,1,1,31.0,1,21.0,1,0.0,863.179897782,305.9,1.0
144211,258445948,18.0,2,4,25.5,4,36.3,1,1.0,496.360855211,99.99,1.0
144227,224278714,18.5,2,2,21.5,2,26.0,1,1.0,445.472187129,38.736,0.0
144352,224278714,18.5,2,2,21.5,2,26.0,1,1.0,796.88972842,44.99,0.0
144579,224278714,18.5,2,2,21.5,2,26.0,1,1.0,20.4273725328,39.99,0.0
144676,258445948,18.0,2,4,25.5,4,36.3,1,1.0,423.909916926,99.99,0.0
144726,260006468,28.0,2,2,37.0,3,40.0,2,1.0,14.311667845999999,70.93636363635001,0.0
144823,224278714,18.5,2,2,21.5,2,26.0,1,1.0,290.334903162,41.8827272727,0.0
144907,14807844,30.5,1,1,27.0,1,18.7,1,1.0,207.541401205,260.9,0.0
144950,653448,31.0,1,1,31.0,1,21.0,1,0.0,629.907493918,305.9,0.0
144959,258444752,16.0,2,3,21.5,4,32.5,1,1.0,155.5769574,172.945,0.0
145049,224278714,18.5,2,2,21.5,2,26.0,1,1.0,282.755736111,39.99,0.0
145076,224278714,18.5,2,2,21.5,2,26.0,1,1.0,117.59925607,39.99,0.0
145238,224278714,18.5,2,2,21.5,2,26.0,1,1.0,574.340137936,44.99,1.0
145340,224278714,18.5,2,2,21.5,2,26.0,1,1.0,151.583049452,39.99,0.0
145450,224278714,18.5,2,2,21.5,2,26.0,1,1.0,838.490672877,39.99,1.0
145496,224278714,18.5,2,2,21.5,2,26.0,1,1.0,462.297844848,44.99,1.0
145558,224278714,18.5,2,2,21.5,2,26.0,1,1.0,868.963002585,39.6416666667,0.0
145569,258445104,18.0,2,3,25.5,4,36.3,1,1.0,567.88394746,97.31583333334999,0.0
145774,260008314,30.0,2,2,51.0,5,51.0,2,1.0,691.159973088,154.99,0.0
145813,224278714,18.5,2,2,21.5,2,26.0,1,1.0,885.328870702,39.8904761905,0.0
145848,14807840,28.2,1,1,22.5,1,16.2,1,1.0,466.827579435,150.9,1.0
145859,224278714,18.5,2,2,21.5,2,26.0,1,1.0,733.54651556,39.6416666667,0.0
145875,224278714,18.5,2,2,21.5,2,26.0,1,1.0,706.9691771480002,39.99,0.0
145891,690680,33.0,2,5,21.7,1,23.0,1,1.0,569.033759488,107.3391935485,0.0
145929,14807840,28.2,1,1,22.5,1,16.2,1,1.0,832.721618652,174.688387097,0.0
145947,224278714,18.5,2,2,21.5,2,26.0,1,1.0,217.27521553900002,39.99,0.0
146078,14807844,30.5,1,1,27.0,1,18.7,1,1.0,544.451923621,255.998235294,0.0
146152,224278714,18.5,2,2,21.5,2,26.0,1,1.0,170.173226809,39.2933333333,0.0
146312,14807840,28.2,1,1,22.5,1,16.2,1,1.0,628.85175203,174.688387097,0.0
146363,224278714,18.5,2,2,21.5,2,26.0,1,1.0,413.49181518800003,39.99,0.0
146419,224278714,18.5,2,2,21.5,2,26.0,1,1.0,614.016140956,39.8566666667,0.0
146430,258445104,18.0,2,3,25.5,4,36.3,1,1.0,626.087933542,109.678571429,0.0
146446,224278714,18.5,2,2,21.5,2,26.0,1,1.0,387.76616577199997,39.9531578947,0.0
146458,224278714,18.5,2,2,21.5,2,26.0,1,1.0,358.73185734099997,39.99,0.0
146563,653448,31.0,1,1,31.0,1,21.0,1,0.0,68.3453355058,305.9,0.0
146599,260008314,30.0,1,2,51.0,5,51.0,2,1.0,186.84544881,139.99,0.0
146612,224278714,18.5,2,2,21.5,2,26.0,1,1.0,139.340132033,39.99,0.0
146663,14807844,30.5,1,1,27.0,1,18.7,1,1.0,584.44402585,258.87,0.0
146693,224278714,18.5,2,2,21.5,2,26.0,1,1.0,141.52215764299999,44.99,0.0
146708,14807840,28.2,1,1,22.5,1,16.2,1,1.0,64.4564474793,150.9,0.0
146859,224278714,18.5,2,2,21.5,2,26.0,1,1.0,673.57680739,39.99,0.0
147069,14807840,28.2,1,1,22.5,1,16.2,1,1.0,176.09101824299995,150.9,0.0
147073,14807840,28.2,1,1,22.5,1,16.2,1,1.0,100.98022878399999,196.99,0.0
147305,224278714,18.5,2,2,21.5,2,26.0,1,1.0,489.060139844,39.99,0.0
147349,260006468,28.0,2,2,37.0,3,40.0,2,1.0,29.1338644275,107.49,0.0
147403,224278714,18.5,2,2,21.5,2,26.0,1,1.0,614.106773243,39.99,0.0
147473,653448,31.0,1,1,31.0,1,21.0,1,0.0,792.384155671,39.99,0.0
147527,224278714,18.5,2,2,21.5,2,26.0,1,1.0,183.121437556,39.99,1.0
147535,224278714,18.5,2,2,21.5,2,26.0,1,1.0,485.90501237300003,39.99,0.0
147569,690680,33.0,2,5,21.7,1,23.0,1,1.0,756.2170726219998,39.99,0.0
147610,224278714,18.5,2,2,21.5,2,26.0,1,1.0,362.969191519,39.99,0.0
147716,224278714,18.5,2,2,21.5,2,26.0,1,1.0,119.80884548700001,39.99,0.0
147813,258447356,16.0,2,4,21.5,4,32.5,1,1.0,145.272539865,87.99,0.0
147830,260008314,30.0,2,2,51.0,5,51.0,2,1.0,542.730528756,139.99,0.0
147839,260006468,28.0,2,2,37.0,3,40.0,2,1.0,166.819975427,99.99,1.0
147904,224278714,18.5,2,2,21.5,2,26.0,1,1.0,209.35987958,39.99,0.0
147905,224278714,18.5,2,2,21.5,2,26.0,1,1.0,394.3295777,41.8827272727,0.0
148011,224278714,18.5,2,2,21.5,2,26.0,1,1.0,389.49185648,39.99,1.0
148037,224278714,18.5,2,2,21.5,2,26.0,1,1.0,286.601951845,39.99,0.0
148214,224278714,18.5,2,2,21.5,2,26.0,1,1.0,271.028729307,39.3746153846,0.0
148327,224278714,18.5,2,2,21.5,2,26.0,1,1.0,843.944571359,39.99,0.0
148452,224278714,18.5,2,2,21.5,2,26.0,1,1.0,625.846986302,39.572,0.0
148495,224278714,18.5,2,2,21.5,2,26.0,1,1.0,530.3443615369999,39.99,1.0
148578,258445948,18.0,2,4,25.5,4,36.3,1,1.0,962.91548339,97.445,0.0
148818,14807848,36.0,1,1,18.1,1,13.0,1,1.0,894.996160633,154.9,0.0
148830,224278714,18.5,2,2,21.5,2,26.0,1,1.0,257.99781997400004,44.99,0.0
148856,224278714,18.5,2,2,21.5,2,26.0,1,1.0,751.016236056,40.06,0.0
148909,224278714,18.5,2,2,21.5,2,26.0,1,1.0,257.375103994,39.99,0.0
149029,224278714,18.5,2,2,21.5,2,26.0,1,1.0,452.301344612,37.9,0.0
149163,224278714,18.5,2,2,21.5,2,26.0,1,1.0,312.943210672,39.8566666667,0.0
149260,224278714,18.5,2,2,21.5,2,26.0,1,1.0,836.6533119489999,40.2966666667,0.0
149329,224278714,18.5,2,2,21.5,2,26.0,1,1.0,368.462293181,39.99,0.0
149448,224278714,18.5,2,2,21.5,2,26.0,1,1.0,709.5301620930002,39.99,1.0
149472,14807844,30.5,1,1,27.0,1,18.7,1,1.0,597.513872676,251.65,1.0
149514,224278714,18.5,2,2,21.5,2,26.0,1,1.0,154.615049769,39.99,1.0
149539,224278714,18.5,2,2,21.5,2,26.0,1,1.0,813.087972835,39.2933333333,0.0
149547,224278714,18.5,2,2,21.5,2,26.0,1,1.0,920.040522332,39.99,1.0
149563,224278714,18.5,2,2,21.5,2,26.0,1,1.0,375.831359738,39.99,0.0
149677,14807844,30.5,1,1,27.0,1,18.7,1,1.0,229.889287999,258.9,0.0
149755,224278714,18.5,2,2,21.5,2,26.0,1,1.0,968.4348734739999,39.99,0.0
149841,653448,31.0,1,1,31.0,1,21.0,1,0.0,339.60075018099997,89.99000000000002,0.0
149895,260008314,30.0,1,2,51.0,5,51.0,2,1.0,724.791589001,139.99,0.0
149980,653448,31.0,1,1,31.0,1,21.0,1,0.0,575.232476658,345.966956522,0.0
150218,224278714,18.5,2,2,21.5,2,26.0,1,1.0,587.458516566,39.99,1.0
150235,224278714,18.5,2,2,21.5,2,26.0,1,1.0,946.0712612030001,39.99,0.0
150509,653448,31.0,1,1,31.0,1,21.0,1,0.0,768.007009439,289.563043478,0.0
150586,224278714,18.5,2,2,21.5,2,26.0,1,1.0,70.419272476,39.4675,0.0
150723,224278714,18.5,2,2,21.5,2,26.0,1,1.0,392.718540964,38.66,0.0
150912,224278714,18.5,2,2,21.5,2,26.0,1,1.0,432.38572827900003,39.99,0.0
151056,224278714,18.5,2,2,21.5,2,26.0,1,1.0,322.094055978,39.99,0.0
151071,14807840,28.2,1,1,22.5,1,16.2,1,1.0,42.6289991585,175.897966102,0.0
151093,224278714,18.5,2,2,21.5,2,26.0,1,1.0,923.253678927,44.99,0.0
151110,258447356,16.0,2,4,21.5,4,32.5,1,1.0,737.203933679,87.99,0.0
151113,224278714,18.5,2,2,21.5,2,26.0,1,1.0,219.348671298,39.99,0.0
151142,653448,31.0,1,1,31.0,1,21.0,1,0.0,377.053071726,416.9,0.0
151254,653448,31.0,1,1,31.0,1,21.0,1,0.0,954.501871467,305.9,0.0
151339,257172202,18.0,2,6,23.5,4,34.5,1,0.0,457.98637436300004,172.945,0.0
151387,224278714,18.5,2,2,21.5,2,26.0,1,1.0,855.365894175,39.99,0.0
151511,14807848,36.0,1,1,18.1,1,13.0,1,1.0,807.386317717,150.9,1.0
151521,224278714,18.5,2,2,21.5,2,26.0,1,1.0,280.028566189,39.99,0.0
151568,224278714,18.5,2,2,21.5,2,26.0,1,1.0,793.549397557,39.061111111100004,0.0
151600,224278714,18.5,2,2,21.5,2,26.0,1,1.0,916.380617179,39.99,1.0
151658,224278714,18.5,2,2,21.5,2,26.0,1,1.0,157.581051316,39.99,0.0
151797,653448,31.0,1,1,31.0,1,21.0,1,0.0,548.17945348,308.849444444,0.0
151802,224278714,18.5,2,2,21.5,2,26.0,1,1.0,870.870271592,43.2175,0.0
151807,224278714,18.5,2,2,21.5,2,26.0,1,1.0,113.50536803,39.99,0.0
151834,224278714,18.5,2,2,21.5,2,26.0,1,1.0,234.510246219,39.99,1.0
151879,224278714,18.5,2,2,21.5,2,26.0,1,1.0,89.14485558770002,39.89,0.0
152047,260006468,28.0,2,2,37.0,3,40.0,2,1.0,107.96159068200001,107.49,0.0
152135,260008314,30.0,2,2,51.0,5,51.0,2,1.0,128.54567696,139.99,0.0
152308,224278714,18.5,2,2,21.5,2,26.0,1,1.0,970.2313348160001,39.99,0.0
152319,224278714,18.5,2,2,21.5,2,26.0,1,1.0,336.464297603,40.2966666667,0.0
152366,224278714,18.5,2,2,21.5,2,26.0,1,1.0,363.568059807,39.99,0.0
152416,224278714,18.5,2,2,21.5,2,26.0,1,1.0,680.57977466,39.9593159609,0.0
152430,224278714,18.5,2,2,21.5,2,26.0,1,1.0,980.0815414189999,38.736,0.0
152450,224278714,18.5,2,2,21.5,2,26.0,1,1.0,348.656574871,39.99,0.0
152483,224278714,18.5,2,2,21.5,2,26.0,1,1.0,857.425806988,39.99,1.0
152545,224278714,18.5,2,2,21.5,2,26.0,1,1.0,891.042685363,39.99,0.0
152574,690680,33.0,2,5,21.7,1,23.0,1,1.0,531.3078844380001,39.94023809525,0.0
152602,224278714,18.5,2,2,21.5,2,26.0,1,1.0,403.54635459599996,39.8904761905,0.0
152772,224278714,18.5,2,2,21.5,2,26.0,1,1.0,661.9283494680001,44.99,0.0
152795,258444752,16.0,2,3,21.5,4,32.5,1,1.0,427.62401905699994,98.89,0.0
152932,653448,31.0,1,1,31.0,1,21.0,1,0.0,237.341286104,305.9,0.0
152964,260008314,30.0,1,2,51.0,5,51.0,2,1.0,130.661022906,139.99,0.0
153026,258445104,18.0,2,3,25.5,4,36.3,1,1.0,23.980759708,109.15666666700001,0.0
153029,224278714,18.5,2,2,21.5,2,26.0,1,1.0,288.73249352700003,39.99,0.0
153099,224278714,18.5,2,2,21.5,2,26.0,1,1.0,454.833477029,39.99,1.0
153256,260008314,30.0,2,2,51.0,5,51.0,2,1.0,557.302310646,139.99,0.0
153417,224278714,18.5,2,2,21.5,2,26.0,1,1.0,623.121396309,39.3746153846,0.0
153715,653448,31.0,1,1,31.0,1,21.0,1,0.0,88.3608836407,358.99,0.0
153798,224278714,18.5,2,2,21.5,2,26.0,1,1.0,280.753667369,41.8827272727,0.0
153806,14807840,28.2,1,1,22.5,1,16.2,1,1.0,405.22276155199995,196.99,0.0
154121,224278714,18.5,2,2,21.5,2,26.0,1,1.0,761.7583213080002,37.9,0.0
154140,224278714,18.5,2,2,21.5,2,26.0,1,1.0,994.280304658,39.99,0.0
154192,224278714,18.5,2,2,21.5,2,26.0,1,1.0,969.601117946,38.5725,0.0
154272,14807840,28.2,1,1,22.5,1,16.2,1,1.0,357.330066224,196.99,0.0
154306,224278714,18.5,2,2,21.5,2,26.0,1,1.0,528.615188901,39.1696178344,0.0
154315,224278714,18.5,2,2,21.5,2,26.0,1,1.0,927.381657955,38.736,0.0
154339,224278714,18.5,2,2,21.5,2,26.0,1,1.0,386.86058052699997,39.99,0.0
154352,224278714,18.5,2,2,21.5,2,26.0,1,1.0,311.640832369,44.99,0.0
154360,653448,31.0,1,1,31.0,1,21.0,1,0.0,485.664287115,127.49,0.0
154485,260006586,30.0,1,2,51.0,5,51.0,2,1.0,774.3774697660001,209.99,0.0
154593,224278714,18.5,2,2,21.5,2,26.0,1,1.0,601.473258653,39.99,0.0
154677,224278714,18.5,2,2,21.5,2,26.0,1,1.0,209.10044442,39.99,0.0
154986,653448,31.0,1,1,31.0,1,21.0,1,0.0,206.653067462,309.77,0.0
155283,224278714,18.5,2,2,21.5,2,26.0,1,1.0,868.28509089,44.99,0.0
155329,653448,31.0,1,1,31.0,1,21.0,1,0.0,834.873077612,305.96046875,0.0
155385,260008314,30.0,1,2,51.0,5,51.0,2,1.0,564.739217619,154.99,0.0
155452,224278714,18.5,2,2,21.5,2,26.0,1,1.0,639.862460932,39.89,0.0
155608,224278714,18.5,2,2,21.5,2,26.0,1,1.0,8.03900940005,38.5430769231,0.0
155672,653448,31.0,1,1,31.0,1,21.0,1,0.0,899.456924279,309.77,0.0
155683,224278714,18.5,2,2,21.5,2,26.0,1,1.0,202.14959257200002,39.6416666667,0.0
155694,14807848,36.0,1,1,18.1,1,13.0,1,1.0,585.546865395,150.9,1.0
155715,224278714,18.5,2,2,21.5,2,26.0,1,1.0,731.9544002335001,40.3157894737,0.0
155807,224278714,18.5,2,2,21.5,2,26.0,1,1.0,878.3619350719998,39.572,0.0
155867,224278714,18.5,2,2,21.5,2,26.0,1,1.0,738.58177975,44.99,0.0
155869,653448,31.0,1,1,31.0,1,21.0,1,0.0,432.37173179300004,358.99,0.0
155924,260008314,30.0,1,2,51.0,5,51.0,2,1.0,768.130795035,201.99,0.0
156000,224278714,18.5,2,2,21.5,2,26.0,1,1.0,392.32212614699995,44.99,0.0
156212,224278714,18.5,2,2,21.5,2,26.0,1,1.0,954.872499039,41.840339506199996,0.0
156217,14807840,28.2,1,1,22.5,1,16.2,1,1.0,203.529950202,209.353076923,0.0
156258,224278714,18.5,2,2,21.5,2,26.0,1,1.0,548.687792466,39.99,1.0
156307,224278714,18.5,2,2,21.5,2,26.0,1,1.0,236.21706914,39.99,0.0
156407,224278714,18.5,2,2,21.5,2,26.0,1,1.0,16.674492124500002,44.99,1.0
156583,224278714,18.5,2,2,21.5,2,26.0,1,1.0,825.9747585939999,39.99,0.0
156783,653448,31.0,1,1,31.0,1,21.0,1,0.0,347.57247891099996,402.4225,0.0
156814,653448,31.0,1,1,31.0,1,21.0,1,0.0,681.688349109,221.20625,0.0
156847,224278714,18.5,2,2,21.5,2,26.0,1,1.0,793.3166985160001,39.99,0.0
156886,224278714,18.5,2,2,21.5,2,26.0,1,1.0,740.794485144,39.8566666667,0.0
156946,224278714,18.5,2,2,21.5,2,26.0,1,1.0,303.585111208,37.9,0.0
157113,224278714,18.5,2,2,21.5,2,26.0,1,1.0,425.469122967,39.99,0.0
157222,260008314,30.0,2,2,51.0,5,51.0,2,1.0,604.194232919,139.99,0.0
157378,224278714,18.5,2,2,21.5,2,26.0,1,1.0,56.5441094,39.99,0.0
157385,224278714,18.5,2,2,21.5,2,26.0,1,1.0,818.209371973,39.99,0.0
157388,258445104,18.0,2,3,25.5,4,36.3,1,1.0,842.1930259569998,109.15666666700001,0.0
157402,224278714,18.5,2,2,21.5,2,26.0,1,1.0,279.636327313,40.06,0.0
157551,14807840,28.2,1,1,22.5,1,16.2,1,1.0,82.7065192736,196.99,0.0
157579,14807844,30.5,1,1,27.0,1,18.7,1,1.0,791.953626172,258.87,0.0
157592,224278714,18.5,2,2,21.5,2,26.0,1,1.0,558.238954847,39.99,0.0
157666,653448,31.0,1,1,31.0,1,21.0,1,0.0,455.19007077599997,305.9,0.0
157704,224278714,18.5,2,2,21.5,2,26.0,1,1.0,374.064518637,38.9996969697,0.0
157739,224278714,18.5,2,2,21.5,2,26.0,1,1.0,256.05143883,39.9531578947,0.0
157819,258445948,18.0,2,4,25.5,4,36.3,1,1.0,55.6539936478,109.99,0.0
157909,224278714,18.5,2,2,21.5,2,26.0,1,1.0,68.3544601424,40.06,0.0
157919,260008314,30.0,2,2,51.0,5,51.0,2,1.0,892.5312029789999,139.99,0.0
157935,653448,31.0,1,1,31.0,1,21.0,1,0.0,333.25120128,305.9,0.0
157999,653448,31.0,1,1,31.0,1,21.0,1,0.0,567.0260687580001,305.9,0.0
158011,653448,31.0,1,1,31.0,1,21.0,1,0.0,537.4871876369999,479.59,0.0
158040,653448,31.0,1,1,31.0,1,21.0,1,0.0,121.705384131,393.736,0.0
158075,224278714,18.5,2,2,21.5,2,26.0,1,1.0,736.340613633,39.99,1.0
158189,260008314,30.0,2,2,51.0,5,51.0,2,1.0,380.734129809,39.325,0.0
158293,224278714,18.5,2,2,21.5,2,26.0,1,1.0,466.145975344,38.66,0.0
158316,224278714,18.5,2,2,21.5,2,26.0,1,1.0,122.86331611700001,39.99,1.0
158348,224278714,18.5,2,2,21.5,2,26.0,1,1.0,976.5309522169999,39.99,0.0
158406,690680,33.0,2,5,21.7,1,23.0,1,1.0,743.739842898,39.99,0.0
158458,224278714,18.5,2,2,21.5,2,26.0,1,1.0,328.152877188,39.99,0.0
158484,224278714,18.5,2,2,21.5,2,26.0,1,1.0,187.00012529900002,39.99,0.0
158563,224278714,18.5,2,2,21.5,2,26.0,1,1.0,334.883803227,39.99,0.0
158578,224278714,18.5,2,2,21.5,2,26.0,1,1.0,144.653754773,38.438,0.0
158600,224278714,18.5,2,2,21.5,2,26.0,1,1.0,823.891944618,39.7488461538,0.0
158607,224278714,18.5,2,2,21.5,2,26.0,1,1.0,523.6262304109999,39.99,0.0
158695,653448,31.0,1,1,31.0,1,21.0,1,0.0,148.818425627,305.9,1.0
158745,14807844,30.5,1,1,27.0,1,18.7,1,1.0,873.575744478,258.87,0.0
158815,224278714,18.5,2,2,21.5,2,26.0,1,1.0,330.55137395,40.3157894737,0.0
158864,224278714,18.5,2,2,21.5,2,26.0,1,1.0,720.32785259,37.9,0.0
158996,14807844,30.5,1,1,27.0,1,18.7,1,1.0,162.001915714,41.36025,0.0
159028,224278714,18.5,2,2,21.5,2,26.0,1,1.0,607.393564916,44.8205,0.0
159048,224278714,18.5,2,2,21.5,2,26.0,1,1.0,211.576131592,39.89,0.0
159238,224278714,18.5,2,2,21.5,2,26.0,1,1.0,802.8080680310001,38.5430769231,0.0
159249,653448,31.0,1,1,31.0,1,21.0,1,0.0,709.277675192,39.26653846155,0.0
159254,224278714,18.5,2,2,21.5,2,26.0,1,1.0,834.466475032,39.99,0.0
159302,653448,31.0,1,1,31.0,1,21.0,1,0.0,729.871438305,305.9,0.0
159383,653448,31.0,1,1,31.0,1,21.0,1,0.0,517.6824839999998,344.2975,0.0
159538,224278714,18.5,2,2,21.5,2,26.0,1,1.0,760.784809787,39.99,0.0
159607,224278714,18.5,2,2,21.5,2,26.0,1,1.0,338.517822253,39.99,0.0
159698,14807840,28.2,1,1,22.5,1,16.2,1,1.0,783.53600605,150.9,0.0
159716,224278714,18.5,2,2,21.5,2,26.0,1,1.0,19.208112538399998,44.99,0.0
159788,224278714,18.5,2,2,21.5,2,26.0,1,1.0,725.156018097,39.7488461538,0.0
159986,224278714,18.5,2,2,21.5,2,26.0,1,1.0,898.075653915,41.840339506199996,0.0
160123,260008314,30.0,2,2,51.0,5,51.0,2,1.0,159.44916899,139.99,0.0
160190,224278714,18.5,2,2,21.5,2,26.0,1,1.0,771.5163392630002,39.8904761905,0.0
160302,224278714,18.5,2,2,21.5,2,26.0,1,1.0,248.024889745,39.99,0.0
160362,653448,31.0,1,1,31.0,1,21.0,1,0.0,898.61712964,305.9,0.0
160365,653448,31.0,1,1,31.0,1,21.0,1,0.0,713.744221378,305.9,0.0
160380,653448,31.0,1,1,31.0,1,21.0,1,0.0,473.613610012,175.445,0.0
160495,224278714,18.5,2,2,21.5,2,26.0,1,1.0,12.853633023299999,44.99,0.0
160510,224278714,18.5,2,2,21.5,2,26.0,1,1.0,613.212117504,44.99,0.0
160550,258444752,16.0,2,3,21.5,4,32.5,1,1.0,890.9731092669998,98.89,0.0
160629,224278714,18.5,2,2,21.5,2,26.0,1,1.0,124.817247729,44.99,0.0
160636,653448,31.0,1,1,31.0,1,21.0,1,0.0,720.2953561160001,305.9,1.0
160668,224278714,18.5,2,2,21.5,2,26.0,1,1.0,173.47715342700005,39.3746153846,0.0
160678,224278714,18.5,2,2,21.5,2,26.0,1,1.0,38.0664420882,43.2175,0.0
160699,224278714,18.5,2,2,21.5,2,26.0,1,1.0,563.310428381,39.89,0.0
160781,224278714,18.5,2,2,21.5,2,26.0,1,1.0,828.3595142419998,39.8904761905,0.0
160800,224278714,18.5,2,2,21.5,2,26.0,1,1.0,688.943184407,40.06,0.0
160854,653448,31.0,1,1,31.0,1,21.0,1,0.0,161.438256206,305.9,0.0
160908,14807840,28.2,1,1,22.5,1,16.2,1,1.0,819.016199366,196.99,0.0
160924,14807840,28.2,1,1,22.5,1,16.2,1,1.0,597.0836152830001,175.897966102,0.0
161042,224278714,18.5,2,2,21.5,2,26.0,1,1.0,528.353680263,39.99,0.0
161137,260006468,28.0,2,2,37.0,3,40.0,2,1.0,725.627651116,107.49,0.0
161142,224278714,18.5,2,2,21.5,2,26.0,1,1.0,643.226210859,40.3157894737,0.0
161158,224278714,18.5,2,2,21.5,2,26.0,1,1.0,332.433571966,39.99,0.0
161275,14807840,28.2,1,1,22.5,1,16.2,1,1.0,173.24469538,39.94,0.0
161287,224278714,18.5,2,2,21.5,2,26.0,1,1.0,320.071119498,39.89,0.0
161289,653448,31.0,1,1,31.0,1,21.0,1,0.0,198.57615326599998,344.2975,0.0
161424,224278714,18.5,2,2,21.5,2,26.0,1,1.0,490.97465007,39.99,0.0
161523,224278714,18.5,2,2,21.5,2,26.0,1,1.0,429.252253298,39.9531578947,0.0
161652,224278714,18.5,2,2,21.5,2,26.0,1,1.0,681.67728136,44.99,0.0
161667,224278714,18.5,2,2,21.5,2,26.0,1,1.0,464.980407774,39.3746153846,0.0
161710,653448,31.0,1,1,31.0,1,21.0,1,0.0,402.20457699199994,305.9,0.0
161750,14807840,28.2,1,1,22.5,1,16.2,1,1.0,89.14485558770002,143.88,0.0
161889,260008314,30.0,1,2,51.0,5,51.0,2,1.0,526.912459272,91.52480891719999,0.0
161922,224278714,18.5,2,2,21.5,2,26.0,1,1.0,132.588071474,39.1696178344,0.0
162099,224278714,18.5,2,2,21.5,2,26.0,1,1.0,534.473647058,39.7075675676,0.0
162101,14807844,30.5,1,1,27.0,1,18.7,1,1.0,856.585910432,255.75,0.0
162115,224278714,18.5,2,2,21.5,2,26.0,1,1.0,213.36453242299999,39.572,0.0
162167,260006586,30.0,2,2,51.0,5,51.0,2,1.0,749.670710304,209.99,1.0
162208,224278714,18.5,2,2,21.5,2,26.0,1,1.0,391.914096543,44.8205,0.0
162218,653448,31.0,1,1,31.0,1,21.0,1,0.0,203.41714064099997,305.99214285700003,0.0
162334,224278714,18.5,2,2,21.5,2,26.0,1,1.0,601.585224819,39.99,0.0
162347,224278714,18.5,2,2,21.5,2,26.0,1,1.0,1.99285347979,39.99,1.0
162362,224278714,18.5,2,2,21.5,2,26.0,1,1.0,585.334698583,39.99,1.0
162437,224278714,18.5,2,2,21.5,2,26.0,1,1.0,729.7718215230002,39.8904761905,0.0
162552,14807840,28.2,1,1,22.5,1,16.2,1,1.0,183.42792016,196.99,0.0
162578,224278714,18.5,2,2,21.5,2,26.0,1,1.0,862.044094172,41.840339506199996,0.0
162630,224278714,18.5,2,2,21.5,2,26.0,1,1.0,952.915260077,40.3157894737,0.0
162661,14807840,28.2,1,1,22.5,1,16.2,1,1.0,745.7905767310001,196.99,0.0
162681,224278714,18.5,2,2,21.5,2,26.0,1,1.0,772.87496533,39.99,0.0
162742,224278714,18.5,2,2,21.5,2,26.0,1,1.0,785.3900931730002,39.99,1.0
162762,224278714,18.5,2,2,21.5,2,26.0,1,1.0,27.019540922199997,39.99,0.0
162804,224278714,18.5,2,2,21.5,2,26.0,1,1.0,287.471533105,39.99,0.0
162834,224278714,18.5,2,2,21.5,2,26.0,1,1.0,318.59092606,39.1696178344,0.0
162838,224278714,18.5,2,2,21.5,2,26.0,1,1.0,502.452444095,39.3233333333,1.0
162924,14807848,36.0,1,1,18.1,1,13.0,1,1.0,12.2719229005,142.58,1.0
162986,14807840,28.2,1,1,22.5,1,16.2,1,1.0,116.160773419,208.75,1.0
163114,260008314,30.0,1,2,51.0,5,51.0,2,1.0,474.49724297800003,139.99,0.0
163155,258444752,16.0,2,3,21.5,4,32.5,1,1.0,496.360855211,113.99,0.0
163202,258447356,16.0,2,4,21.5,4,32.5,1,1.0,913.3431613539999,87.99,0.0
163284,690680,33.0,2,5,21.7,1,23.0,1,1.0,44.0744523629,63.99,0.0
163317,224278714,18.5,2,2,21.5,2,26.0,1,1.0,669.8710102709999,39.99,0.0
163430,224278714,18.5,2,2,21.5,2,26.0,1,1.0,632.82392797,38.945,0.0
163440,224278714,18.5,2,2,21.5,2,26.0,1,1.0,166.329204946,39.99,0.0
163563,14807844,30.5,1,1,27.0,1,18.7,1,1.0,559.309043105,258.9,0.0
163565,258444752,16.0,2,3,21.5,4,32.5,1,1.0,312.53729062599996,98.89,0.0
163689,224278714,18.5,2,2,21.5,2,26.0,1,1.0,362.89779914699994,44.8205,0.0
163856,653448,31.0,1,1,31.0,1,21.0,1,0.0,509.21377855800006,305.9,0.0
163858,14807840,28.2,1,1,22.5,1,16.2,1,1.0,569.033759488,150.9,1.0
163879,224278714,18.5,2,2,21.5,2,26.0,1,1.0,277.842112192,39.99,0.0
163910,224278714,18.5,2,2,21.5,2,26.0,1,1.0,234.787477688,39.99,0.0
163954,653448,31.0,1,1,31.0,1,21.0,1,0.0,437.189039117,305.9,0.0
163995,258445104,18.0,2,3,25.5,4,36.3,1,1.0,55.6539936478,109.678571429,0.0
164008,224278714,18.5,2,2,21.5,2,26.0,1,1.0,266.765593645,40.06,0.0
164042,14807840,28.2,1,1,22.5,1,16.2,1,1.0,515.0039312380001,174.688387097,0.0
164137,224278714,18.5,2,2,21.5,2,26.0,1,1.0,308.503475343,39.99,0.0
164165,224278714,18.5,2,2,21.5,2,26.0,1,1.0,447.64877718400004,39.99,1.0
164206,14807840,28.2,1,1,22.5,1,16.2,1,1.0,107.66558867399999,150.9,0.0
164300,224278714,18.5,2,2,21.5,2,26.0,1,1.0,281.91430943,37.9,0.0
164412,224278714,18.5,2,2,21.5,2,26.0,1,1.0,778.9497380480002,39.99,0.0
164480,224278714,18.5,2,2,21.5,2,26.0,1,1.0,683.063037538,39.6416666667,0.0
164780,14807840,28.2,1,1,22.5,1,16.2,1,1.0,526.1680085090001,196.99,1.0
164790,258445072,18.0,2,3,23.5,4,34.5,1,1.0,452.06066879800005,98.3,0.0
164824,224278714,18.5,2,2,21.5,2,26.0,1,1.0,51.5763113184,44.99,1.0
164947,224278714,18.5,2,2,21.5,2,26.0,1,1.0,610.520204326,44.99,0.0
164957,258445104,18.0,2,3,25.5,4,36.3,1,1.0,706.0200786180002,44.99,0.0
165029,224278714,18.5,2,2,21.5,2,26.0,1,1.0,521.290796598,44.99,0.0
165047,14807848,36.0,1,1,18.1,1,13.0,1,1.0,977.479524596,150.9,0.0
165083,224278714,18.5,2,2,21.5,2,26.0,1,1.0,362.202170524,38.66,1.0
165084,260008314,30.0,2,2,51.0,5,51.0,2,1.0,364.808151431,139.99,0.0
165089,14807844,30.5,1,1,27.0,1,18.7,1,1.0,931.7011659789999,251.65,0.0
165268,224278714,18.5,2,2,21.5,2,26.0,1,1.0,489.11027138099996,38.945,0.0
165270,224278714,18.5,2,2,21.5,2,26.0,1,1.0,740.5467987860001,44.8205,0.0
165305,224278714,18.5,2,2,21.5,2,26.0,1,1.0,887.3703999989999,44.99,0.0
165409,224278714,18.5,2,2,21.5,2,26.0,1,1.0,736.799440945,39.99,0.0
165412,14807840,28.2,1,1,22.5,1,16.2,1,1.0,98.48065836200001,196.99,0.0
165458,258445104,18.0,2,3,25.5,4,36.3,1,1.0,504.45184540900004,99.99,0.0
165459,224278714,18.5,2,2,21.5,2,26.0,1,1.0,835.100550667,39.99,0.0
165479,224278714,18.5,2,2,21.5,2,26.0,1,1.0,50.39756287220001,39.99,0.0
165518,224278714,18.5,2,2,21.5,2,26.0,1,1.0,227.97326968599998,39.6416666667,0.0
165520,14807844,30.5,1,1,27.0,1,18.7,1,1.0,824.8352898910001,255.998235294,0.0
165623,224278714,18.5,2,2,21.5,2,26.0,1,1.0,582.825090001,44.99,1.0
165681,224278714,18.5,2,2,21.5,2,26.0,1,1.0,164.02483662,39.99,0.0
165702,224278714,18.5,2,2,21.5,2,26.0,1,1.0,171.658486866,39.061111111100004,0.0
165738,224278714,18.5,2,2,21.5,2,26.0,1,1.0,850.6017647069998,39.99,1.0
165771,224278714,18.5,2,2,21.5,2,26.0,1,1.0,443.142581001,39.99,1.0
165974,224278714,18.5,2,2,21.5,2,26.0,1,1.0,454.81737254800004,44.8205,0.0
166099,224278714,18.5,2,2,21.5,2,26.0,1,1.0,747.174028465,39.99,0.0
166102,224278714,18.5,2,2,21.5,2,26.0,1,1.0,772.674400145,38.438,0.0
166512,224278714,18.5,2,2,21.5,2,26.0,1,1.0,918.1364761489999,39.572,0.0
166518,224278714,18.5,2,2,21.5,2,26.0,1,1.0,608.156089873,39.2933333333,0.0
166689,224278714,18.5,2,2,21.5,2,26.0,1,1.0,4.73747648725,40.06,0.0
166700,224278714,18.5,2,2,21.5,2,26.0,1,1.0,832.922225398,39.6416666667,0.0
166847,224278714,18.5,2,2,21.5,2,26.0,1,1.0,361.46290432,39.99,0.0
166852,653448,31.0,1,1,31.0,1,21.0,1,0.0,46.744151639799995,305.9,0.0
166891,224278714,18.5,2,2,21.5,2,26.0,1,1.0,231.820258215,37.9,1.0
166956,224278714,18.5,2,2,21.5,2,26.0,1,1.0,235.126143562,39.99,0.0
167178,224278714,18.5,2,2,21.5,2,26.0,1,1.0,174.816168041,39.8566666667,0.0
167189,14807844,30.5,1,1,27.0,1,18.7,1,1.0,459.272165771,258.9,0.0
167324,653448,31.0,1,1,31.0,1,21.0,1,0.0,491.68607400800005,305.99214285700003,0.0
167365,224278714,18.5,2,2,21.5,2,26.0,1,1.0,413.00597184699996,39.8904761905,0.0
167369,14807844,30.5,1,1,27.0,1,18.7,1,1.0,997.466090706,258.9,0.0
167385,224278714,18.5,2,2,21.5,2,26.0,1,1.0,348.719781146,39.99,0.0
167465,14807848,36.0,1,1,18.1,1,13.0,1,1.0,904.644566265,150.9,0.0
167521,224278714,18.5,2,2,21.5,2,26.0,1,1.0,615.971743029,39.9593159609,0.0
167526,224278714,18.5,2,2,21.5,2,26.0,1,1.0,525.896421183,39.9600952381,0.0
167567,653448,31.0,1,1,31.0,1,21.0,1,0.0,945.105876569,172.93004761905,0.0
167644,653448,31.0,1,1,31.0,1,21.0,1,0.0,492.62461806,305.9,1.0
167676,224278714,18.5,2,2,21.5,2,26.0,1,1.0,40.143359550999996,44.99,0.0
167725,258447356,16.0,2,4,21.5,4,32.5,1,1.0,894.8264368810001,87.99,0.0
167754,224278714,18.5,2,2,21.5,2,26.0,1,1.0,310.74129936599996,43.2175,0.0
167812,224278714,18.5,2,2,21.5,2,26.0,1,1.0,91.4266490798,39.99,0.0
167835,653448,31.0,1,1,31.0,1,21.0,1,0.0,183.42792016,345.966956522,0.0
167850,224278714,18.5,2,2,21.5,2,26.0,1,1.0,808.003452021,39.2933333333,0.0
167980,653448,31.0,1,1,31.0,1,21.0,1,0.0,400.930986965,118.14166666665001,0.0
168152,14807840,28.2,1,1,22.5,1,16.2,1,1.0,293.82743821,196.99,0.0
168162,224278714,18.5,2,2,21.5,2,26.0,1,1.0,355.60990813300003,38.5725,0.0
168238,14807848,36.0,1,1,18.1,1,13.0,1,1.0,284.368837971,136.5,0.0
168403,258445104,18.0,2,3,25.5,4,36.3,1,1.0,248.93272456900002,107.84714285700001,0.0
168470,14807840,28.2,1,1,22.5,1,16.2,1,1.0,917.982894231,174.688387097,0.0
168566,260008314,30.0,1,2,51.0,5,51.0,2,1.0,335.400387961,139.99,0.0
168583,224278714,18.5,2,2,21.5,2,26.0,1,1.0,724.4920119860001,39.99,0.0
168648,224278714,18.5,2,2,21.5,2,26.0,1,1.0,39.0022365358,40.2966666667,0.0
168778,224278714,18.5,2,2,21.5,2,26.0,1,1.0,909.590331098,39.99,0.0
168911,224278714,18.5,2,2,21.5,2,26.0,1,1.0,328.356295027,39.99,0.0
169026,224278714,18.5,2,2,21.5,2,26.0,1,1.0,739.6020743380002,39.99,1.0
169247,224278714,18.5,2,2,21.5,2,26.0,1,1.0,233.308443977,37.9,1.0
169383,653448,31.0,1,1,31.0,1,21.0,1,0.0,528.222179412,305.96046875,0.0
169536,653448,31.0,1,1,31.0,1,21.0,1,0.0,567.0260687580001,305.9,0.0
169584,260006586,30.0,1,2,51.0,5,51.0,2,1.0,352.963893443,172.48055555554996,0.0
169617,224278714,18.5,2,2,21.5,2,26.0,1,1.0,913.394404578,39.061111111100004,0.0
169646,224278714,18.5,2,2,21.5,2,26.0,1,1.0,311.98258998200004,39.99,1.0
169653,224278714,18.5,2,2,21.5,2,26.0,1,1.0,215.420427245,44.99,1.0
169708,224278714,18.5,2,2,21.5,2,26.0,1,1.0,596.9207221409999,39.99,1.0
169771,224278714,18.5,2,2,21.5,2,26.0,1,1.0,606.517118033,39.99,0.0
169856,653448,31.0,1,1,31.0,1,21.0,1,0.0,928.084328236,305.9,0.0
169953,260006468,28.0,1,2,37.0,3,40.0,2,1.0,221.411836389,217.2633333333333,0.0
170060,260008912,28.0,1,2,37.0,3,40.0,2,1.0,609.752102795,128.6266666666667,0.0
170171,224278714,18.5,2,2,21.5,2,26.0,1,1.0,863.087399613,39.99,1.0
170326,224278714,18.5,2,2,21.5,2,26.0,1,1.0,688.2392542760001,37.9,0.0
170362,224278714,18.5,2,2,21.5,2,26.0,1,1.0,82.9058022946,39.99,1.0
170434,653448,31.0,1,1,31.0,1,21.0,1,0.0,701.1016031989999,305.9,0.0
170519,224278714,18.5,2,2,21.5,2,26.0,1,1.0,112.948965892,40.06,0.0
170549,224278714,18.5,2,2,21.5,2,26.0,1,1.0,959.52330712,39.99,0.0
170564,653448,31.0,1,1,31.0,1,21.0,1,0.0,455.815426667,345.966956522,0.0
170631,258445104,18.0,2,3,25.5,4,36.3,1,1.0,449.59507903199994,192.48332674584998,0.0
170773,224278714,18.5,2,2,21.5,2,26.0,1,1.0,928.5970746930001,38.9996969697,0.0
170855,653448,31.0,1,1,31.0,1,21.0,1,0.0,794.024086021,358.99,0.0
170906,224278714,18.5,2,2,21.5,2,26.0,1,1.0,84.1811930834,41.8827272727,0.0
171077,224278714,18.5,2,2,21.5,2,26.0,1,1.0,627.537235373,44.99,0.0
171098,260006586,30.0,2,2,51.0,5,51.0,2,1.0,992.575397608,41.445,0.0
171118,224278714,18.5,2,2,21.5,2,26.0,1,1.0,475.471139843,37.9,1.0
171189,224278714,18.5,2,2,21.5,2,26.0,1,1.0,783.323205297,39.99,0.0
171229,224278714,18.5,2,2,21.5,2,26.0,1,1.0,322.73975046,39.99,0.0
171374,14807840,28.2,1,1,22.5,1,16.2,1,1.0,914.4351646719999,196.99,1.0
171375,224278714,18.5,2,2,21.5,2,26.0,1,1.0,432.043669421,43.2175,0.0
171656,14807844,30.5,1,1,27.0,1,18.7,1,1.0,785.8958434169998,258.9,0.0
171730,14807844,30.5,1,1,27.0,1,18.7,1,1.0,121.636277562,251.65,0.0
171804,258445104,18.0,2,3,25.5,4,36.3,1,1.0,156.66216919200002,99.99,0.0
171883,224278714,18.5,2,2,21.5,2,26.0,1,1.0,252.39558827099998,44.99,0.0
171990,224278714,18.5,2,2,21.5,2,26.0,1,1.0,69.78990824510001,39.4675,0.0
172074,224278714,18.5,2,2,21.5,2,26.0,1,1.0,104.302370058,44.99,0.0
172118,653448,31.0,1,1,31.0,1,21.0,1,0.0,272.451985906,305.9,0.0
172141,224278714,18.5,2,2,21.5,2,26.0,1,1.0,984.73859155,39.99,0.0
172189,224278714,18.5,2,2,21.5,2,26.0,1,1.0,157.708748601,39.99,0.0
172201,260006586,30.0,2,2,51.0,5,51.0,2,1.0,524.300940364,209.99,0.0
172332,224278714,18.5,2,2,21.5,2,26.0,1,1.0,85.481724332,39.99,0.0
172465,258444752,16.0,2,3,21.5,4,32.5,1,1.0,778.670864078,39.99,0.0
172581,224278714,18.5,2,2,21.5,2,26.0,1,1.0,318.35932978799997,39.99,1.0
172618,224278714,18.5,2,2,21.5,2,26.0,1,1.0,236.27236095700002,38.5725,0.0
172673,653448,31.0,1,1,31.0,1,21.0,1,0.0,278.732117887,358.99,0.0
172680,224278714,18.5,2,2,21.5,2,26.0,1,1.0,841.633841146,39.99,0.0
172790,224278714,18.5,2,2,21.5,2,26.0,1,1.0,193.66674655,41.840339506199996,0.0
172922,224278714,18.5,2,2,21.5,2,26.0,1,1.0,94.4722221167,39.99,0.0
172960,690680,33.0,2,5,21.7,1,23.0,1,1.0,898.89265311,39.99,0.0
172996,224278714,18.5,2,2,21.5,2,26.0,1,1.0,511.085065319,39.99,0.0
172998,224278714,18.5,2,2,21.5,2,26.0,1,1.0,384.38898991400004,39.99,1.0
173005,224278714,18.5,2,2,21.5,2,26.0,1,1.0,274.489604059,38.736,0.0
173031,224278714,18.5,2,2,21.5,2,26.0,1,1.0,652.9844604159999,39.99,1.0
173164,653448,31.0,1,1,31.0,1,21.0,1,0.0,263.423800692,305.9,0.0
173177,224278714,18.5,2,2,21.5,2,26.0,1,1.0,794.2836927980002,38.438,0.0
173192,224278714,18.5,2,2,21.5,2,26.0,1,1.0,197.44030790099998,39.99,0.0
173220,260006586,30.0,2,2,51.0,5,51.0,2,1.0,723.282572368,209.99,0.0
173293,224278714,18.5,2,2,21.5,2,26.0,1,1.0,421.30718707,44.99,0.0
173313,224278714,18.5,2,2,21.5,2,26.0,1,1.0,833.466595977,39.99,0.0
173326,224278714,18.5,2,2,21.5,2,26.0,1,1.0,38.5294202982,39.99,0.0
173355,653448,31.0,1,1,31.0,1,21.0,1,0.0,260.108817919,305.9,0.0
173493,14807844,30.5,1,1,27.0,1,18.7,1,1.0,194.79203778299998,260.9,0.0
173862,224278714,18.5,2,2,21.5,2,26.0,1,1.0,61.4740791929,39.99,0.0
173902,14807844,30.5,1,1,27.0,1,18.7,1,1.0,349.72414118300003,39.99,0.0
173919,224278714,18.5,2,2,21.5,2,26.0,1,1.0,171.048087711,39.99,0.0
173935,224278714,18.5,2,2,21.5,2,26.0,1,1.0,729.902738969,39.99,0.0
174009,258444860,18.0,2,4,23.5,4,34.5,1,1.0,97.44208961049999,113.33,0.0
174105,224278714,18.5,2,2,21.5,2,26.0,1,1.0,200.498066488,37.9,1.0
174108,224278714,18.5,2,2,21.5,2,26.0,1,1.0,36.7407569326,39.99,0.0
174270,224278714,18.5,2,2,21.5,2,26.0,1,1.0,896.085873555,38.438,0.0
174280,224278714,18.5,2,2,21.5,2,26.0,1,1.0,492.748723524,39.99,0.0
174330,224278714,18.5,2,2,21.5,2,26.0,1,1.0,929.689687243,39.99,0.0
174525,258445072,18.0,2,3,23.5,4,34.5,1,1.0,295.17046577900004,148.35750000000004,0.0
174657,14807844,30.5,1,1,27.0,1,18.7,1,1.0,249.569963789,256.725,0.0
174707,224278714,18.5,2,2,21.5,2,26.0,1,1.0,647.288358614,38.736,0.0
174744,653448,31.0,1,1,31.0,1,21.0,1,0.0,639.233611375,172.31799999999996,0.0
174794,653448,31.0,1,1,31.0,1,21.0,1,0.0,99.8752570668,305.9,0.0
174959,224278714,18.5,2,2,21.5,2,26.0,1,1.0,778.1272641689999,39.99,0.0
174984,224278714,18.5,2,2,21.5,2,26.0,1,1.0,794.313362312,41.8827272727,0.0
175013,224278714,18.5,2,2,21.5,2,26.0,1,1.0,576.598628854,44.99,0.0
175056,224278714,18.5,2,2,21.5,2,26.0,1,1.0,495.876156295,38.736,0.0
175058,258445948,18.0,2,4,25.5,4,36.3,1,1.0,174.40934203,109.99,0.0
175069,224278714,18.5,2,2,21.5,2,26.0,1,1.0,956.119249224,38.736,0.0
175092,224278714,18.5,2,2,21.5,2,26.0,1,1.0,766.699711651,39.99,1.0
175125,224278714,18.5,2,2,21.5,2,26.0,1,1.0,759.806271084,39.89,0.0
175195,224278714,18.5,2,2,21.5,2,26.0,1,1.0,365.064412366,39.99,0.0
175233,224278714,18.5,2,2,21.5,2,26.0,1,1.0,594.3162357059999,39.9531578947,0.0
175279,224278714,18.5,2,2,21.5,2,26.0,1,1.0,627.2598986840001,39.8904761905,0.0
175337,260006468,28.0,2,2,37.0,3,40.0,2,1.0,380.734129809,41.590317460333345,0.0
175392,653448,31.0,1,1,31.0,1,21.0,1,0.0,754.103102928,43.290158730166674,0.0
175518,224278714,18.5,2,2,21.5,2,26.0,1,1.0,675.720125187,44.99,0.0
175540,653448,31.0,1,1,31.0,1,21.0,1,0.0,834.173186219,43.32333333333334,0.0
175630,690680,33.0,2,5,21.7,1,23.0,1,1.0,252.51594378400003,41.656666666666666,0.0
175800,224278714,18.5,2,2,21.5,2,26.0,1,1.0,720.337648492,39.99,0.0
175880,260006468,28.0,2,2,37.0,3,40.0,2,1.0,561.517210622,114.99,0.0
175927,653448,31.0,1,1,31.0,1,21.0,1,0.0,103.223312441,305.9,0.0
176029,260006586,30.0,1,2,51.0,5,51.0,2,1.0,283.56801195,209.99,0.0
176126,224278714,18.5,2,2,21.5,2,26.0,1,1.0,706.202860762,38.9996969697,0.0
176145,224278714,18.5,2,2,21.5,2,26.0,1,1.0,228.544469587,39.99,0.0
176208,653448,31.0,1,1,31.0,1,21.0,1,0.0,507.43456959400004,305.9,0.0
176250,224278714,18.5,2,2,21.5,2,26.0,1,1.0,324.243243276,39.99,0.0
176282,260006468,28.0,2,2,37.0,3,40.0,2,1.0,439.34034701699994,38.945,0.0
176627,224278714,18.5,2,2,21.5,2,26.0,1,1.0,495.94263603300004,37.9,1.0
176689,224278714,18.5,2,2,21.5,2,26.0,1,1.0,744.346601397,37.9,0.0
176908,224278714,18.5,2,2,21.5,2,26.0,1,1.0,157.796486907,39.8904761905,0.0
176923,224278714,18.5,2,2,21.5,2,26.0,1,1.0,220.117246836,39.3746153846,0.0
176933,260006586,30.0,2,2,51.0,5,51.0,2,1.0,406.282644232,39.84520242915,0.0
177025,224278714,18.5,2,2,21.5,2,26.0,1,1.0,432.23466698,40.3157894737,0.0
177173,224278714,18.5,2,2,21.5,2,26.0,1,1.0,654.131283485,41.8827272727,0.0
177458,224278714,18.5,2,2,21.5,2,26.0,1,1.0,931.1236292980001,39.99,1.0
177526,224278714,18.5,2,2,21.5,2,26.0,1,1.0,516.814811661,38.736,0.0
177557,224278714,18.5,2,2,21.5,2,26.0,1,1.0,928.161825665,39.99,1.0
177676,14807840,28.2,1,1,22.5,1,16.2,1,1.0,261.363427874,150.9,0.0
177788,14807848,36.0,1,1,18.1,1,13.0,1,1.0,489.15276627,150.9,0.0
177869,224278714,18.5,2,2,21.5,2,26.0,1,1.0,439.820536802,39.99,0.0
177914,224278714,18.5,2,2,21.5,2,26.0,1,1.0,618.012005977,44.99,0.0
177952,224278714,18.5,2,2,21.5,2,26.0,1,1.0,538.951434811,41.840339506199996,0.0
178033,224278714,18.5,2,2,21.5,2,26.0,1,1.0,495.26092621,39.99,0.0
178105,224278714,18.5,2,2,21.5,2,26.0,1,1.0,254.858476248,39.99,0.0
178183,260006468,28.0,2,2,37.0,3,40.0,2,1.0,266.733747344,39.8025,0.0
178277,224278714,18.5,2,2,21.5,2,26.0,1,1.0,467.863243784,39.615,0.0
178291,224278714,18.5,2,2,21.5,2,26.0,1,1.0,567.585555683,38.5725,0.0
178485,260008314,30.0,2,2,51.0,5,51.0,2,1.0,98.60306651549999,139.99,0.0
178494,224278714,18.5,2,2,21.5,2,26.0,1,1.0,364.952546954,44.99,0.0
178557,14807848,36.0,1,1,18.1,1,13.0,1,1.0,13.4402892371,150.9,0.0
178657,224278714,18.5,2,2,21.5,2,26.0,1,1.0,232.059536646,38.5430769231,0.0
178681,224278714,18.5,2,2,21.5,2,26.0,1,1.0,569.72313674,39.99,0.0
178751,260006468,28.0,2,2,37.0,3,40.0,2,1.0,216.20746424400002,107.49,0.0
178756,260008912,28.0,2,2,37.0,3,40.0,2,1.0,496.778343928,206.695,0.0
178848,653448,31.0,1,1,31.0,1,21.0,1,0.0,850.8726315089999,305.9,0.0
178887,224278714,18.5,2,2,21.5,2,26.0,1,1.0,968.7157525439999,44.99,1.0
178958,260008314,30.0,2,2,51.0,5,51.0,2,1.0,539.242341237,139.99,1.0
178968,653448,31.0,1,1,31.0,1,21.0,1,0.0,879.068371445,345.966956522,0.0
178995,14807844,30.5,1,1,27.0,1,18.7,1,1.0,542.015822219,236.39,0.0
179018,653448,31.0,1,1,31.0,1,21.0,1,0.0,825.3853384839999,305.9,0.0
179487,224278714,18.5,2,2,21.5,2,26.0,1,1.0,910.5874299760001,44.99,0.0
179543,224278714,18.5,2,2,21.5,2,26.0,1,1.0,772.3143750830002,39.99,0.0
179603,224278714,18.5,2,2,21.5,2,26.0,1,1.0,732.393528506,39.9593159609,0.0
179615,224278714,18.5,2,2,21.5,2,26.0,1,1.0,998.943922115,37.9,1.0
179648,224278714,18.5,2,2,21.5,2,26.0,1,1.0,53.187945380600006,39.99,0.0
179686,224278714,18.5,2,2,21.5,2,26.0,1,1.0,366.191420405,39.99,1.0
179801,224278714,18.5,2,2,21.5,2,26.0,1,1.0,753.741897535,39.99,0.0
179876,224278714,18.5,2,2,21.5,2,26.0,1,1.0,505.753714688,39.99,0.0
179903,258445104,18.0,2,3,25.5,4,36.3,1,1.0,233.308443977,99.99,0.0
180013,224278714,18.5,2,2,21.5,2,26.0,1,1.0,405.65733614699997,39.99,0.0
180016,224278714,18.5,2,2,21.5,2,26.0,1,1.0,460.051592043,44.99,0.0
180018,653448,31.0,1,1,31.0,1,21.0,1,0.0,252.22965945099997,305.9,0.0
180025,224278714,18.5,2,2,21.5,2,26.0,1,1.0,200.611269191,39.99,0.0
180034,653448,31.0,1,1,31.0,1,21.0,1,0.0,724.393574887,332.445,0.0
180064,224278714,18.5,2,2,21.5,2,26.0,1,1.0,886.977619228,39.99,1.0
