,ITEM_ID,COR,MARCA,TEM_FERRO_FUNDIDO,TEM_TAMPA,SESSION_ID,ITEM_PRICE,INTERESTED
120193,240742184,1,1,1,1.0,383.38560253599996,89.9,0.0
120208,245842440,2,2,2,1.0,253.609455725,98.36666666666667,0.0
120226,245842524,3,2,2,1.0,596.016013645,106.83333333333331,0.0
120253,245842684,4,2,2,1.0,770.3396164960001,115.3,0.0
120291,257168296,4,3,2,1.0,28.8043607434,174.065,0.0
120296,245842440,2,2,2,1.0,645.78192291,120.9,0.0
120358,245842440,2,2,2,1.0,225.11597666,124.402413793,0.0
120363,240742184,1,1,1,1.0,306.475854878,89.54,0.0
120393,258461174,5,3,2,0.0,843.516835059,69.94,0.0
120445,245842652,2,2,2,1.0,574.882347063,114.99,0.0
120458,257168296,4,3,2,1.0,229.236735194,193.9,0.0
120510,256587172,4,3,2,1.0,730.165947082,207.08,0.0
120570,245842600,6,2,2,1.0,48.586882939300004,110.736,0.0
120615,245842652,2,2,2,1.0,734.435097467,111.619583333,0.0
120637,258462544,5,3,2,0.0,682.7940266109999,132.7597916665,0.0
120698,256589690,1,3,2,1.0,67.0293787789,153.9,0.0
120750,245842440,2,2,2,1.0,337.21927337200003,120.316666667,0.0
120762,245842578,7,2,2,1.0,52.8834482464,143.6283333335,0.0
120883,257168296,4,3,2,1.0,745.876880132,166.94,0.0
120928,240761952,1,1,1,1.0,399.689676562,175.535,0.0
120932,256587172,4,3,2,1.0,206.243884386,184.13,0.0
120971,245842524,3,2,2,1.0,388.227397203,160.5725,0.0
120977,245842332,3,2,2,1.0,53.599367110699994,137.015,0.0
120988,245842440,2,2,2,1.0,582.5287720030001,113.4575,0.0
121036,240742184,1,1,1,1.0,18.6998891193,89.9,0.0
121052,245842524,3,2,2,1.0,228.84970081900002,139.3154545455,0.0
121074,256587172,4,3,2,1.0,710.701799487,188.73090909099997,0.0
121106,257171354,4,3,2,0.0,364.350831401,49.28,0.0
121127,245842684,4,2,2,1.0,953.5645225610001,57.48666666666667,0.0
121139,245842652,2,2,2,1.0,886.412472192,65.69333333333334,0.0
121185,258444068,8,3,2,0.0,777.8440026769998,73.9,0.0
121225,257168296,4,3,2,1.0,446.81230422,166.94,0.0
121231,245842332,3,2,2,1.0,783.853302365,119.9,0.0
121257,256587172,4,3,2,1.0,569.452566756,207.08,0.0
121289,245842440,2,2,2,1.0,963.1675291339999,120.9,0.0
121398,245842524,3,2,2,1.0,117.720805717,113.4,0.0
121413,245842684,4,2,2,1.0,144.782589316,105.9,0.0
121436,245842440,2,2,2,1.0,515.57358044,120.9,0.0
121447,257168296,4,3,2,1.0,912.8852041910001,193.9,0.0
121457,258461424,9,3,2,1.0,195.41325034,95.19,0.0
121602,245842524,3,2,2,1.0,730.03387314,105.99,0.0
121603,245842440,2,2,2,1.0,407.099566665,120.9,0.0
121682,245842684,4,2,2,1.0,822.565901169,107.9,0.0
121825,258462544,5,3,2,0.0,744.010146263,55.106,0.0
121836,245842440,2,2,2,1.0,836.6163742739999,121.35161290299999,0.0
121940,245842600,6,2,2,1.0,311.682283721,100.6258064515,0.0
121953,240742184,1,1,1,1.0,146.818879205,79.9,1.0
121973,257168296,4,3,2,1.0,611.2113119859999,166.94,0.0
122085,245842652,2,2,2,1.0,257.240362443,116.10111111100001,0.0
122108,256587172,4,3,2,1.0,793.2191276310001,114.000261438,0.0
122117,245842600,6,2,2,1.0,362.58542051,111.899411765,0.0
122121,245842684,4,2,2,1.0,249.725920356,107.9,0.0
122233,245842578,7,2,2,1.0,607.55787013,106.945,0.0
122235,245842524,3,2,2,1.0,507.404741423,105.99,0.0
122293,245842652,2,2,2,1.0,599.932143226,100.62666666666668,0.0
122340,257171354,4,3,2,0.0,213.52274486099998,95.26333333333334,0.0
122455,240742184,1,1,1,1.0,135.099211389,89.9,0.0
122521,257168296,4,3,2,1.0,629.855075532,166.94,0.0
122561,240742184,1,1,1,1.0,374.070855869,89.5,0.0
122596,257168296,4,3,2,1.0,963.2544593910001,175.37842105299995,0.0
122649,245842440,2,2,2,1.0,84.24920824189999,124.402413793,0.0
122662,240742184,1,1,1,1.0,75.9014234266,89.5,1.0
122682,245842652,2,2,2,1.0,153.629720096,99.5727272727,0.0
122709,240742184,1,1,1,1.0,12.0810810447,79.9,0.0
122716,245842440,2,2,2,1.0,405.02756844699996,120.9,0.0
122746,256587172,4,3,2,1.0,349.453980731,188.73090909099997,0.0
122840,245842578,7,2,2,1.0,357.5384216,133.0,0.0
122870,258463238,8,3,2,0.0,681.611865662,119.82875,0.0
122941,245842600,6,2,2,1.0,158.030302044,106.6575,0.0
122954,245842440,2,2,2,1.0,454.471912041,119.9,0.0
122993,245842524,3,2,2,1.0,792.115838617,108.323333333,0.0
122996,245842652,2,2,2,1.0,929.058258802,119.99,0.0
123000,258463238,8,3,2,0.0,157.530730452,63.09,0.0
123006,258463024,5,3,2,0.0,491.74496057,109.582307692,0.0
123068,245842364,7,2,2,1.0,191.51974456599999,129.9,0.0
123127,245842578,7,2,2,1.0,313.755671412,108.645454545,0.0
123189,245842684,4,2,2,1.0,432.086154494,107.9,0.0
123261,256587172,4,3,2,1.0,117.073324125,114.4,0.0
123440,245842440,2,2,2,1.0,415.331609195,120.9,0.0
123647,256587172,4,3,2,1.0,316.465080016,184.13,0.0
123652,245842684,4,2,2,1.0,501.132148615,107.9,0.0
123660,240761952,1,1,1,1.0,237.75935770700002,113.4584375,0.0
123678,245842578,7,2,2,1.0,411.956658495,119.016875,0.0
123700,245842684,4,2,2,1.0,534.754113361,107.9,0.0
123769,240742184,1,1,1,1.0,375.99745396300005,80.29,0.0
123791,258444068,8,3,2,0.0,934.609157322,73.9,0.0
123816,245842364,7,2,2,1.0,587.958784829,121.011111111,0.0
123880,258462544,5,3,2,0.0,705.854907368,101.45055555549999,0.0
123922,245842652,2,2,2,1.0,709.088024808,81.89,0.0
123930,245842406,6,2,2,1.0,913.4366686989999,130.5,0.0
123963,258464060,5,3,2,1.0,919.5203681135,94.25,0.0
124055,245842440,2,2,2,1.0,925.6040675280001,120.9,0.0
124095,257168296,4,3,2,1.0,454.738981314,193.9,0.0
124127,257168296,4,3,2,1.0,434.20455392900004,185.385,0.0
124157,258444036,3,3,2,1.0,471.40799577,148.166730769,0.0
124167,245842600,6,2,2,1.0,858.7895138189999,110.94846153799999,0.0
124216,256587172,4,3,2,1.0,948.131755925,207.08,0.0
124228,245842440,2,2,2,1.0,913.183982604,120.316666667,0.0
124327,256587172,4,3,2,1.0,218.750892899,184.13,0.0
124373,258463024,5,3,2,0.0,151.067714402,113.9,0.0
124415,240761952,1,1,1,1.0,302.76867221599997,99.0,0.0
124421,240742184,1,1,1,1.0,492.349679312,89.61764705879999,0.0
124445,257166290,10,3,2,1.0,249.932458046,76.35382352939999,0.0
124471,258463238,8,3,2,0.0,103.66710637799999,63.09,0.0
124472,257171354,4,3,2,0.0,719.59315328,49.9,1.0
124556,240742184,1,1,1,1.0,170.363132274,80.0580232558,0.0
124570,257168296,4,3,2,1.0,92.4299422503,185.135681818,0.0
124650,258444068,8,3,2,0.0,513.621700304,73.9,0.0
124659,245842578,7,2,2,1.0,924.6302776160001,109.9,0.0
124767,245842364,7,2,2,1.0,349.653535303,108.91041666666668,0.0
124817,240761952,1,1,1,1.0,768.408413555,107.92083333333332,0.0
124855,245842684,4,2,2,1.0,128.306979442,106.93125,0.0
124870,258464060,5,3,2,1.0,427.05216752800004,90.3090909091,0.0
124901,257256342,4,3,2,1.0,129.844292574,119.9,1.0
124907,258461174,5,3,2,0.0,716.963557102,118.07,0.0
124989,245842652,2,2,2,1.0,215.928817666,116.24,0.0
125062,240742184,1,1,1,1.0,282.380800172,79.9,0.0
125103,245842524,3,2,2,1.0,627.386466632,92.9,0.0
125252,245842684,4,2,2,1.0,202.86838040700002,105.9,0.0
125296,257256342,4,3,2,1.0,428.88686999199996,92.73,0.0
125335,240742184,1,1,1,1.0,280.911717237,79.56,1.0
125349,245842578,7,2,2,1.0,372.742987746,108.52,0.0
125351,245842332,3,2,2,1.0,255.863414216,120.566666667,0.0
125357,258462544,5,3,2,0.0,525.986736305,49.28,0.0
125595,245842440,2,2,2,1.0,565.021293218,120.9,0.0
125673,257170510,3,3,2,0.0,46.377868029,117.4078125,0.0
125695,258462544,5,3,2,0.0,335.0723728575,113.915625,0.0
125700,245842652,2,2,2,1.0,623.7668776859999,110.4234375,0.0
125749,245842684,4,2,2,1.0,470.775218055,106.93125,0.0
125800,240742184,1,1,1,1.0,341.244601079,89.9,1.0
125816,245842684,4,2,2,1.0,593.366665665,105.9,0.0
125871,240742184,1,1,1,1.0,845.626958166,89.5,0.0
125956,256589690,1,3,2,1.0,315.955456918,79.72,0.0
125970,258461174,5,3,2,0.0,325.650985769,69.94,0.0
126028,257168296,4,3,2,1.0,726.49020076,166.94,0.0
126042,240742184,1,1,1,1.0,527.615017844,89.5,0.0
126112,245842332,3,2,2,1.0,118.79010282700001,119.9,0.0
126115,240742184,1,1,1,1.0,898.6431777239999,80.0580232558,0.0
126123,245842684,4,2,2,1.0,456.86713415599996,107.9,0.0
126128,240761952,1,1,1,1.0,93.5733174122,99.0,0.0
126141,245842440,2,2,2,1.0,653.663403088,120.9,0.0
126172,245842578,7,2,2,1.0,441.43080299800005,110.45,0.0
126174,245842578,7,2,2,1.0,208.42806878599998,115.0,0.0
126176,258463238,8,3,2,0.0,465.248825674,63.09,0.0
126187,245842652,2,2,2,1.0,146.529922417,63.09,0.0
126279,258463238,8,3,2,0.0,407.85018596699996,63.09,0.0
126315,256589690,1,3,2,1.0,88.4911971109,147.9,0.0
126339,245842684,4,2,2,1.0,268.656411977,106.2125,0.0
126341,258444068,8,3,2,0.0,942.914072327,73.9,0.0
126396,245842652,2,2,2,1.0,606.071106637,119.99,0.0
126408,245842440,2,2,2,1.0,434.514231723,120.26363636399999,0.0
126516,245842600,6,2,2,1.0,539.951628156,115.118125,0.0
126517,257170510,3,3,2,0.0,43.019085778900006,149.6240625,0.0
126563,256587172,4,3,2,1.0,79.9352522428,184.13,0.0
126568,245842524,3,2,2,1.0,770.478695767,99.99,0.0
126619,245842684,4,2,2,1.0,257.069523738,107.9,0.0
126632,256589690,1,3,2,1.0,294.63288203400003,108.0136363635,0.0
126654,245842684,4,2,2,1.0,763.709453886,108.127272727,0.0
126665,256587172,4,3,2,1.0,739.8775562989999,184.13,1.0
126669,256587172,4,3,2,1.0,552.770654844,184.13,0.0
126736,245842684,4,2,2,1.0,832.979262283,107.9,0.0
126791,258444068,8,3,2,0.0,569.701756877,73.9,0.0
126822,258444068,8,3,2,0.0,113.042066685,73.9,0.0
126849,258464060,5,3,2,1.0,54.3576427553,90.3090909091,0.0
126851,245842600,6,2,2,1.0,940.306373096,111.884444444,0.0
126871,258461056,9,3,2,1.0,34.6903938837,95.19,0.0
126941,257256342,4,3,2,1.0,674.1577171509999,100.545,0.0
126946,245842684,4,2,2,1.0,201.77834397799998,105.9,0.0
127041,245842332,3,2,2,1.0,811.915129255,126.03043478299999,0.0
127095,245842524,3,2,2,1.0,619.567607811,105.99,0.0
127117,245842524,3,2,2,1.0,610.813416185,145.06,0.0
127137,256587172,4,3,2,1.0,222.91600708599998,184.13,0.0
127203,245842652,2,2,2,1.0,121.148460015,98.44,0.0
127230,258461174,5,3,2,0.0,948.491091148,69.94,0.0
127242,240742184,1,1,1,1.0,817.2182243880002,80.29,0.0
127248,258462544,5,3,2,0.0,477.784222503,49.28,1.0
127257,245842600,6,2,2,1.0,453.31729905,114.99,0.0
127385,245842652,2,2,2,1.0,430.33373672199997,116.65666666700001,0.0
127466,245842524,3,2,2,1.0,709.2313711969998,118.2783333335,0.0
127532,245842332,3,2,2,1.0,453.556378172,119.9,0.0
127589,257171354,4,3,2,0.0,976.771345883,53.804,0.0
127636,258444068,8,3,2,0.0,388.899713194,73.9,0.0
127700,258461424,9,3,2,1.0,604.2047737290001,81.7210526316,0.0
127754,240742184,1,1,1,1.0,694.7248960589999,89.5421052632,0.0
127774,240761952,1,1,1,1.0,268.656411977,84.7210526316,0.0
127782,240742184,1,1,1,1.0,142.346389617,79.9,0.0
127789,258463238,8,3,2,0.0,689.5836479860001,72.74,0.0
127876,258461174,5,3,2,0.0,968.846364505,60.66,1.0
127877,258461088,9,3,2,0.0,327.174243887,56.82,1.0
127911,258444068,8,3,2,0.0,612.921964561,73.9,0.0
127927,245842578,7,2,2,1.0,831.0868611489999,110.29333333299999,0.0
127936,245842332,3,2,2,1.0,7.691114264349999,119.9,0.0
127956,240761952,1,1,1,1.0,70.8457589566,119.9,0.0
128044,245842440,2,2,2,1.0,463.112951195,119.9,0.0
128053,257168296,4,3,2,1.0,564.581451638,166.94,0.0
128089,245842524,3,2,2,1.0,984.119537128,109.99,0.0
128114,256587172,4,3,2,1.0,676.480347358,184.13,0.0
128119,240761952,1,1,1,1.0,390.67685290800006,104.9,0.0
128125,240742184,1,1,1,1.0,417.232987086,89.5,0.0
128137,257170382,4,3,2,0.0,443.789121264,120.776923077,0.0
128173,256589690,1,3,2,1.0,343.282238397,152.05384615399998,0.0
128211,245842524,3,2,2,1.0,968.964682524,112.97692307700001,0.0
128262,258444068,8,3,2,0.0,696.546091525,73.9,0.0
128273,257168296,4,3,2,1.0,581.048386845,166.94,0.0
128278,245842524,3,2,2,1.0,562.0801015019999,109.99,0.0
128371,240742184,1,1,1,1.0,623.459748205,89.5,0.0
128398,245842406,6,2,2,1.0,54.8488962897,104.811111111,0.0
128432,245842332,3,2,2,1.0,537.124461657,120.122222222,0.0
128439,245842600,6,2,2,1.0,797.284113632,113.72875,0.0
128456,245842440,2,2,2,1.0,307.039871723,119.9,0.0
128463,245842684,4,2,2,1.0,160.79166656200002,106.8375,0.0
128520,256587172,4,3,2,1.0,555.478231757,111.2657407406667,0.0
128623,258463238,8,3,2,0.0,928.111553663,115.69398148133335,0.0
128649,245842332,3,2,2,1.0,541.912607113,120.122222222,0.0
128720,245842684,4,2,2,1.0,648.3391066,127.7277777775,0.0
128730,245842406,6,2,2,1.0,46.9994034944,135.33333333299998,0.0
128732,245842524,3,2,2,1.0,376.936340811,109.99,0.0
128804,257168296,4,3,2,1.0,281.558154028,192.47,0.0
128976,256587172,4,3,2,1.0,225.250597688,184.13,0.0
129002,257171354,4,3,2,0.0,525.986736305,49.9,0.0
129071,245842652,2,2,2,1.0,990.105407627,116.65666666700001,0.0
129080,245842440,2,2,2,1.0,608.881551801,120.9,0.0
129083,245842684,4,2,2,1.0,501.474364816,105.9,0.0
129091,245842652,2,2,2,1.0,988.3319147,98.44,0.0
129098,245842600,6,2,2,1.0,430.975052215,114.99,1.0
129106,245842684,4,2,2,1.0,102.248029109,108.127272727,0.0
129119,245842332,3,2,2,1.0,591.901167568,114.5136363635,0.0
129125,245842440,2,2,2,1.0,789.573630519,120.9,0.0
129182,240742184,1,1,1,1.0,255.863414216,89.5,0.0
129185,240742184,1,1,1,1.0,413.20479920300005,79.798,0.0
129353,240742184,1,1,1,1.0,18.080589898299998,89.54,0.0
129384,256587172,4,3,2,1.0,804.484169405,141.005,0.0
129418,257168296,4,3,2,1.0,621.6363480819999,192.47,0.0
129469,256587172,4,3,2,1.0,771.2791621560001,184.13,0.0
129537,245842578,7,2,2,1.0,124.52569724600001,108.4,0.0
129539,258464026,5,3,2,0.0,43.742930100600006,83.66,0.0
129548,240742184,1,1,1,1.0,176.21281540200005,80.0580232558,0.0
129620,258464464,8,3,2,1.0,555.010177205,91.8782473878667,0.0
129667,258463238,8,3,2,0.0,833.4413077319998,103.69847151993334,0.0
129672,245842578,7,2,2,1.0,596.306199781,115.518695652,0.0
129702,245842652,2,2,2,1.0,82.650751324,116.10111111100001,0.0
129723,258463024,5,3,2,0.0,82.5584310774,113.9,0.0
129773,245842406,6,2,2,1.0,984.3265862510001,117.4,0.0
129777,245842440,2,2,2,1.0,719.643031365,120.9,0.0
129814,256587172,4,3,2,1.0,696.908791297,199.99,1.0
130003,245842684,4,2,2,1.0,399.44128083699997,105.9,1.0
130084,258461350,9,3,2,0.0,565.165998818,147.3154545455,0.0
130109,256587172,4,3,2,1.0,328.086876309,188.73090909099997,0.0
130129,245842406,6,2,2,1.0,797.284113632,154.36045454549998,0.0
130166,245842600,6,2,2,1.0,371.511826967,119.99,0.0
130260,245842600,6,2,2,1.0,826.9107211119998,91.54,0.0
130426,258463238,8,3,2,0.0,973.6333273939999,63.09,0.0
130436,256587172,4,3,2,1.0,992.7132542610001,184.13,0.0
130680,258463238,8,3,2,0.0,397.376625996,145.48375,0.0
130720,245842684,4,2,2,1.0,348.421404432,106.8375,0.0
130738,240742184,1,1,1,1.0,256.849464738,89.5,1.0
130783,240742184,1,1,1,1.0,872.822485002,80.0742307692,0.0
130860,245842364,7,2,2,1.0,706.0096594280002,93.4328205128,0.0
130883,258463024,5,3,2,0.0,970.863894482,106.7914102564,0.0
130900,245842440,2,2,2,1.0,903.821991863,120.15,0.0
130933,256587172,4,3,2,1.0,584.002264642,120.525,0.0
130937,245842440,2,2,2,1.0,422.88430312800006,120.9,0.0
130941,245842440,2,2,2,1.0,51.8307834882,110.56666666666668,0.0
131017,245842578,7,2,2,1.0,933.284026978,100.23333333333332,0.0
131031,240742184,1,1,1,1.0,15.4826560853,89.9,0.0
131103,256587172,4,3,2,1.0,477.600352442,199.99,0.0
131158,258463024,5,3,2,0.0,633.169364359,113.9,0.0
131252,257171354,4,3,2,0.0,412.578310368,49.28,0.0
131271,245842652,2,2,2,1.0,566.746740056,119.99,0.0
131275,258461174,5,3,2,0.0,905.5777520830001,60.66,0.0
131303,258444068,8,3,2,0.0,828.4683106639999,73.9,0.0
131441,256589690,1,3,2,1.0,608.1024496690001,153.9,0.0
131448,245842578,7,2,2,1.0,805.675659323,109.9,0.0
131491,245842440,2,2,2,1.0,534.3925382680001,120.61428571399999,0.0
131509,245842578,7,2,2,1.0,650.7490847930001,109.9,0.0
131581,240742184,1,1,1,1.0,50.899763666800006,80.0580232558,0.0
131600,258463238,8,3,2,0.0,321.442819917,80.9740116279,0.0
131613,245842652,2,2,2,1.0,54.111191496400004,81.89,0.0
131658,245842652,2,2,2,1.0,844.6565914639999,90.56,0.0
131662,245842524,3,2,2,1.0,952.830948676,99.23,0.0
131664,245842684,4,2,2,1.0,194.552163855,107.9,0.0
131738,258463024,5,3,2,0.0,915.5975935639999,114.4555555555,0.0
131772,245842364,7,2,2,1.0,454.841136698,121.011111111,0.0
131818,256587172,4,3,2,1.0,981.571530508,188.73090909099997,0.0
131849,245842440,2,2,2,1.0,732.0791174789999,120.2125,0.0
131911,245842652,2,2,2,1.0,804.2060759230002,120.55625,0.0
131967,245842440,2,2,2,1.0,735.6563265489999,120.9,0.0
131994,245842652,2,2,2,1.0,494.605053255,117.49,0.0
132112,256589690,1,3,2,1.0,771.2791621560001,153.9,0.0
132139,245842652,2,2,2,1.0,77.68101239399999,126.78666666666668,0.0
132160,245842578,7,2,2,1.0,70.622659437,99.67333333333336,0.0
132290,258464026,5,3,2,0.0,971.489597594,72.56,0.0
132305,245842332,3,2,2,1.0,327.376460477,119.9,0.0
132369,256587172,4,3,2,1.0,935.1759358930001,184.13,0.0
132396,256587172,4,3,2,1.0,529.128018238,188.73090909099997,0.0
132421,245842440,2,2,2,1.0,185.681228795,122.9,0.0
132430,258464464,8,3,2,1.0,166.30668557,113.15,0.0
132466,245842440,2,2,2,1.0,369.37116378699994,119.9,0.0
132574,258463548,8,3,2,1.0,313.99408285,116.9,0.0
132620,258463024,5,3,2,0.0,635.542666984,113.9,0.0
132757,258464026,5,3,2,0.0,881.9231979860001,83.66,0.0
132792,245842684,4,2,2,1.0,799.8932047630002,81.975,0.0
132942,240742184,1,1,1,1.0,871.0503137960001,80.29,0.0
133163,245842684,4,2,2,1.0,482.794891085,106.93125,0.0
133254,245842440,2,2,2,1.0,645.988303803,120.4,0.0
133265,245842332,3,2,2,1.0,337.923257696,120.566666667,0.0
133278,240742184,1,1,1,1.0,431.672472275,89.9,0.0
133305,240742184,1,1,1,1.0,970.733228723,89.9,0.0
133344,245842440,2,2,2,1.0,836.534212692,120.9,0.0
133356,245842364,7,2,2,1.0,483.854557054,121.15,0.0
133377,258463024,5,3,2,0.0,804.0017821439999,113.9,0.0
133408,257171354,4,3,2,0.0,130.20800109200002,56.82,0.0
133425,257166290,10,3,2,1.0,337.850611943,113.1054545455,0.0
133444,257168296,4,3,2,1.0,206.243884386,169.390909091,0.0
133462,245842524,3,2,2,1.0,819.28436655,159.6854545455,0.0
133528,256589690,1,3,2,1.0,726.2268654545002,149.98,0.0
133567,245842364,7,2,2,1.0,633.169364359,119.9,1.0
133636,245842578,7,2,2,1.0,975.323949801,107.9,0.0
133649,245842578,7,2,2,1.0,251.468677948,108.585714286,0.0
133660,245842600,6,2,2,1.0,796.708635979,108.425,0.0
133728,245842440,2,2,2,1.0,542.635985018,120.9,0.0
133745,245842684,4,2,2,1.0,588.408942751,112.46666666700001,0.0
133759,258464060,5,3,2,1.0,583.7584554704998,94.25,0.0
133779,245842578,7,2,2,1.0,579.10796819,110.45,0.0
133820,245842524,3,2,2,1.0,226.856629898,109.99,0.0
133897,240742184,1,1,1,1.0,716.3458833469998,79.747,0.0
133931,245842364,7,2,2,1.0,444.87556217199995,119.9,1.0
133933,245842524,3,2,2,1.0,676.150749776,120.257142857,0.0
133983,245842440,2,2,2,1.0,497.96735603,120.61428571399999,0.0
134086,245842684,4,2,2,1.0,97.94554878129999,106.61428571399999,0.0
134091,256587172,4,3,2,1.0,860.81527505,207.08,0.0
134120,245842600,6,2,2,1.0,54.111191496400004,114.99,0.0
134131,257170596,4,3,2,0.0,437.95815527900004,139.9,0.0
134156,245842332,3,2,2,1.0,699.746619874,120.566666667,0.0
134172,258444068,8,3,2,0.0,4.79438892573,73.9,0.0
134263,257166290,10,3,2,1.0,706.090735955,97.1,0.0
134312,245842332,3,2,2,1.0,915.5975935639999,120.3,0.0
134313,240761952,1,1,1,1.0,302.080679502,120.8258064515,0.0
134341,245842440,2,2,2,1.0,419.024119225,121.35161290299999,0.0
134410,245842440,2,2,2,1.0,282.24863943,120.9,0.0
134420,240742184,1,1,1,1.0,195.96244959,89.9,0.0
134431,245842600,6,2,2,1.0,197.553593353,109.318,0.0
134471,245842684,4,2,2,1.0,882.266964675,105.9,0.0
134499,245842440,2,2,2,1.0,790.5681738334999,120.9,0.0
134531,245842440,2,2,2,1.0,698.8693829919998,120.9,0.0
134568,257168296,4,3,2,1.0,624.126248011,168.937037037,0.0
134608,245842600,6,2,2,1.0,691.745725714,114.99,0.0
134638,245842332,3,2,2,1.0,725.879385257,120.566666667,0.0
134649,245842440,2,2,2,1.0,967.93110115,120.9,0.0
134708,245842524,3,2,2,1.0,411.956658495,109.99,0.0
134710,245842652,2,2,2,1.0,111.104538265,119.99,0.0
134798,240742184,1,1,1,1.0,835.252928686,89.5324324324,0.0
134830,245842440,2,2,2,1.0,230.761092846,120.9,0.0
134842,245842332,3,2,2,1.0,909.5412853060001,119.9,1.0
134849,240742184,1,1,1,1.0,771.0733190880002,79.9,0.0
134885,245842406,6,2,2,1.0,483.45861165199995,94.9,0.0
134903,245842684,4,2,2,1.0,999.413760842,109.9,0.0
134983,256587172,4,3,2,1.0,261.31688613,184.13,0.0
135046,245842652,2,2,2,1.0,93.5652644115,111.7544,0.0
135130,240742184,1,1,1,1.0,119.206634027,86.3,0.0
135134,256589690,1,3,2,1.0,608.103977475,153.9,0.0
135189,245842684,4,2,2,1.0,476.40233589300004,106.61428571399999,0.0
135209,240742184,1,1,1,1.0,326.922255259,89.9,0.0
135248,245842332,3,2,2,1.0,803.316254791,120.185714286,0.0
135291,245842524,3,2,2,1.0,46.9307779257,109.99,0.0
135307,257256342,4,3,2,1.0,758.855603965,119.9,0.0
135383,257168296,4,3,2,1.0,389.357642423,192.47,0.0
135426,245842524,3,2,2,1.0,358.742622503,179.61333333333337,0.0
135427,257166290,10,3,2,1.0,476.58332158699994,166.75666666666666,0.0
135458,256589690,1,3,2,1.0,608.415704826,153.9,0.0
135489,240742184,1,1,1,1.0,745.653891518,79.9,0.0
135556,245842406,6,2,2,1.0,422.457013628,93.9,0.0
135564,245842684,4,2,2,1.0,753.5968872430002,107.9,0.0
135657,245842684,4,2,2,1.0,167.994254984,132.3,0.0
135664,258444068,8,3,2,0.0,244.63808145299998,121.1,0.0
135673,245842684,4,2,2,1.0,868.355844262,109.9,0.0
135680,245842684,4,2,2,1.0,957.044267697,107.9,0.0
135698,245842684,4,2,2,1.0,61.431018656800006,107.9,0.0
135789,245842578,7,2,2,1.0,219.987094806,110.45,0.0
135804,256589690,1,3,2,1.0,632.538695048,112.72,0.0
135842,245842600,6,2,2,1.0,791.8754077960001,114.99,0.0
135860,245842332,3,2,2,1.0,97.52030637120001,126.9,1.0
135874,257256342,4,3,2,1.0,203.569795221,157.8154545455,0.0
135951,256587172,4,3,2,1.0,509.65491771800004,188.73090909099997,0.0
135987,258463238,8,3,2,0.0,236.029027123,154.8154545455,0.0
136003,245842440,2,2,2,1.0,933.1067496539999,120.9,0.0
136031,258462758,9,3,2,1.0,51.3909525385,83.66,0.0
136140,245842652,2,2,2,1.0,151.804585189,119.99,0.0
136162,245842440,2,2,2,1.0,751.926408905,120.26363636399999,0.0
136165,245842524,3,2,2,1.0,147.392209373,99.99,0.0
136180,245842332,3,2,2,1.0,166.837521836,120.566666667,0.0
136261,245842600,6,2,2,1.0,233.859833765,114.99,0.0
136284,240742184,1,1,1,1.0,766.677004173,79.747,0.0
136288,257171354,4,3,2,0.0,10.971837226,53.804,0.0
136298,245842440,2,2,2,1.0,43.2629788293,120.9,1.0
136322,245842684,4,2,2,1.0,872.59489282,123.9,0.0
136335,245842332,3,2,2,1.0,208.160369739,126.9,0.0
136357,258464060,5,3,2,1.0,956.319408626,118.445,0.0
136361,258463024,5,3,2,0.0,13.665802841700001,109.99,0.0
136402,240742184,1,1,1,1.0,859.361429403,79.747,0.0
136456,245842440,2,2,2,1.0,326.304278478,120.9,0.0
136459,258464060,5,3,2,1.0,814.00028094,90.3090909091,0.0
136480,257166290,10,3,2,1.0,117.456143434,164.9,1.0
136623,258464464,8,3,2,1.0,961.566586013,137.445,0.0
136627,245842524,3,2,2,1.0,782.837252038,109.99,0.0
136670,257168296,4,3,2,1.0,655.100410633,166.94,0.0
136768,245842332,3,2,2,1.0,551.475261673,123.584210526,0.0
136818,257168296,4,3,2,1.0,898.9133908719998,193.9,0.0
136828,257168296,4,3,2,1.0,618.67907178,193.9,0.0
136891,258444068,8,3,2,0.0,788.361432619,73.9,0.0
136940,258461088,9,3,2,0.0,16.3834646062,110.9,0.0
136996,256589690,1,3,2,1.0,956.156541438,147.9,0.0
137083,245842440,2,2,2,1.0,16.373280858399998,120.9,0.0
137280,245842524,3,2,2,1.0,350.025002383,109.99,0.0
137311,245842440,2,2,2,1.0,181.058029471,120.9,0.0
137350,258444068,8,3,2,0.0,740.1347354769998,73.9,0.0
137374,245842684,4,2,2,1.0,524.518902356,73.9,0.0
137387,258444068,8,3,2,0.0,980.064370103,73.9,0.0
137395,258464060,5,3,2,1.0,112.959456654,90.3090909091,0.0
137465,240742184,1,1,1,1.0,493.540164488,89.5324324324,0.0
137490,245842578,7,2,2,1.0,493.446577494,109.9,0.0
137532,240742184,1,1,1,1.0,932.9936606069999,80.04457446810001,0.0
137596,245842578,7,2,2,1.0,594.249158201,93.66304964540001,0.0
137631,258461174,5,3,2,0.0,934.361266128,107.2815248227,0.0
137660,245842440,2,2,2,1.0,961.671048629,120.9,0.0
137693,258444068,8,3,2,0.0,982.984949163,106.885,0.0
137724,258463548,8,3,2,1.0,196.58319796700002,92.87,0.0
137729,245842364,7,2,2,1.0,971.5006952460001,123.23333333299999,0.0
137747,240742184,1,1,1,1.0,539.98812165,89.7421052632,0.0
137875,245842684,4,2,2,1.0,274.82843508400003,106.93125,0.0
137940,245842684,4,2,2,1.0,495.185440815,105.9,1.0
137942,245842578,7,2,2,1.0,651.419498673,113.4,0.0
138062,245842440,2,2,2,1.0,789.948256677,120.9,0.0
138140,245842578,7,2,2,1.0,128.070734135,119.016875,0.0
138145,258463024,5,3,2,0.0,75.6466975766,99.4584375,0.0
138169,240742184,1,1,1,1.0,32.1345127479,79.9,0.0
138246,240742184,1,1,1,1.0,864.267261225,89.9,1.0
138258,245842440,2,2,2,1.0,625.4563811969999,120.15,0.0
138297,245842684,4,2,2,1.0,325.650985769,109.9,1.0
138334,245842578,7,2,2,1.0,830.628122722,110.45,0.0
138337,258463238,8,3,2,0.0,356.639474442,63.09,0.0
138354,258461088,9,3,2,0.0,156.717616732,56.82,1.0
138363,245842332,3,2,2,1.0,418.36474613400003,120.566666667,0.0
138486,245842332,3,2,2,1.0,94.7604089047,119.9,0.0
138552,258464026,5,3,2,0.0,8.56761698067,133.9,0.0
138555,256589690,1,3,2,1.0,348.066236714,147.9,0.0
138602,256587172,4,3,2,1.0,774.155372072,184.13,0.0
138604,258464060,5,3,2,1.0,929.168603105,94.25,0.0
138631,245842684,4,2,2,1.0,526.899677042,105.9,0.0
138653,256587172,4,3,2,1.0,665.935861423,184.13,0.0
138671,240742184,1,1,1,1.0,360.335660925,89.5,1.0
138689,245842332,3,2,2,1.0,250.385895068,120.122222222,0.0
138732,245842440,2,2,2,1.0,377.909353287,120.5,0.0
138779,240742184,1,1,1,1.0,139.988313301,89.54,0.0
138804,245842684,4,2,2,1.0,982.4379104230001,105.9,0.0
138806,257168296,4,3,2,1.0,784.326821083,193.9,0.0
138899,245842652,2,2,2,1.0,812.2748584430002,100.387241379,0.0
138912,258444068,8,3,2,0.0,375.21221604,73.9,0.0
138922,245842600,6,2,2,1.0,950.794741739,114.99,0.0
138951,240742184,1,1,1,1.0,461.175356279,89.9,0.0
139051,245842600,6,2,2,1.0,904.886044497,111.869166667,0.0
139059,245842684,4,2,2,1.0,254.52663962,106.17777777799999,0.0
139071,256589690,1,3,2,1.0,566.696338221,147.9,0.0
139141,256587172,4,3,2,1.0,909.533892518,207.08,0.0
139144,240742184,1,1,1,1.0,749.3718620489999,86.3,0.0
139152,258463238,8,3,2,0.0,864.672259723,108.83333333333331,0.0
139165,245842524,3,2,2,1.0,138.34549059399998,131.36666666666667,0.0
139189,256589690,1,3,2,1.0,701.562520457,153.9,0.0
139200,240742184,1,1,1,1.0,329.180411272,89.5,0.0
139252,245842684,4,2,2,1.0,20.2754079304,105.9,0.0
139263,258444068,8,3,2,0.0,251.17750699099997,115.9,0.0
139328,245842332,3,2,2,1.0,532.550052867,125.9,0.0
139352,240742184,1,1,1,1.0,437.579692624,89.9,0.0
139373,245842364,7,2,2,1.0,468.20286604300003,152.0,0.0
139421,257171354,4,3,2,0.0,897.4435939460001,56.82,0.0
139454,245842440,2,2,2,1.0,623.85916483,119.9,0.0
139466,258464060,5,3,2,1.0,880.346872652,94.25,1.0
139515,245842600,6,2,2,1.0,767.065284432,94.25,0.0
139530,258464060,5,3,2,1.0,822.162322927,94.25,1.0
139554,245842684,4,2,2,1.0,427.940985418,106.268421053,0.0
139559,245842406,6,2,2,1.0,143.000026403,107.50894736866668,0.0
139681,245842524,3,2,2,1.0,277.961052839,108.74947368433331,0.0
139688,245842524,3,2,2,1.0,792.13665101,109.99,0.0
139690,258444154,3,3,2,1.0,628.88819908,147.562840909,0.0
139714,257168296,4,3,2,1.0,463.287973921,185.135681818,0.0
139737,245842524,3,2,2,1.0,644.307245064,146.517840909,0.0
139753,245842684,4,2,2,1.0,417.043417144,107.9,0.0
139756,245842578,7,2,2,1.0,208.052452016,110.45,0.0
139805,245842364,7,2,2,1.0,9.16277301091,132.42,0.0
139855,258462544,5,3,2,0.0,661.92585013,49.28,0.0
139883,240742184,1,1,1,1.0,12.1662181873,80.29,0.0
139893,245842600,6,2,2,1.0,54.8802701117,108.425,0.0
140057,257168296,4,3,2,1.0,377.908429912,193.9,0.0
140122,245842578,7,2,2,1.0,475.21216823300006,110.29333333299999,0.0
140151,245842684,4,2,2,1.0,221.475282837,110.0966666665,0.0
140167,245842578,7,2,2,1.0,379.81707452300003,109.9,1.0
140280,240742184,1,1,1,1.0,581.1870945009999,89.5,0.0
140357,245842684,4,2,2,1.0,230.678192541,86.58,0.0
140385,258462758,9,3,2,1.0,682.8308110730001,83.66,1.0
140398,245842332,3,2,2,1.0,370.143095695,120.566666667,0.0
140426,245842600,6,2,2,1.0,951.641379395,115.122258065,0.0
140551,245842332,3,2,2,1.0,534.5296547219999,119.9,0.0
140599,245842332,3,2,2,1.0,826.3565337539999,125.9,0.0
140632,245842440,2,2,2,1.0,139.765625833,120.9,1.0
140645,245842332,3,2,2,1.0,199.17625469200001,124.9,0.0
140651,245842440,2,2,2,1.0,552.8532902659999,121.35161290299999,0.0
140706,245842684,4,2,2,1.0,292.021253152,105.53440860200001,0.0
140787,240742184,1,1,1,1.0,153.458523665,89.71720430100001,0.0
140794,258444068,8,3,2,0.0,50.9243416087,73.9,0.0
140825,245842600,6,2,2,1.0,551.918192261,108.425,0.0
140868,245842364,7,2,2,1.0,451.10217045,152.0,0.0
140919,257168296,4,3,2,1.0,676.680549581,166.94,1.0
140976,240742184,1,1,1,1.0,657.7902690430001,79.798,0.0
141043,240742184,1,1,1,1.0,997.1690196989999,79.9,0.0
141058,245842440,2,2,2,1.0,196.570674793,120.9,0.0
141085,245842684,4,2,2,1.0,173.886036085,105.9,0.0
141092,245842524,3,2,2,1.0,776.832540525,136.42000000000002,0.0
141136,257168296,4,3,2,1.0,740.121649897,166.94,0.0
141142,245842524,3,2,2,1.0,598.1300044,108.323333333,0.0
141170,240742184,1,1,1,1.0,14.8401610394,80.0742307692,0.0
141191,245842440,2,2,2,1.0,251.074994712,120.9,0.0
141204,240742184,1,1,1,1.0,371.360095657,89.9,0.0
141223,240742184,1,1,1,1.0,169.768916653,89.54,0.0
141242,258464060,5,3,2,1.0,193.79688404400002,119.9,0.0
141244,245842600,6,2,2,1.0,461.52670891900004,108.425,0.0
141258,258444068,8,3,2,0.0,574.550905286,73.9,0.0
141309,258461174,5,3,2,0.0,580.101330756,69.94,0.0
141381,258461056,9,3,2,1.0,874.3662822839999,119.9,0.0
141474,257168296,4,3,2,1.0,54.7837420584,166.94,0.0
141480,245842406,6,2,2,1.0,427.349886096,135.33333333299998,0.0
141541,245842578,7,2,2,1.0,563.166531028,135.33333333299998,0.0
141647,245842406,6,2,2,1.0,772.418909204,135.33333333299998,0.0
141656,258444068,8,3,2,0.0,483.568177611,73.9,0.0
141711,245842652,2,2,2,1.0,551.913407086,114.99,0.0
141776,256589690,1,3,2,1.0,342.49239261,147.9,0.0
141791,245842440,2,2,2,1.0,738.02076434,119.9,0.0
141804,245842440,2,2,2,1.0,994.022656185,126.175,0.0
142020,245842684,4,2,2,1.0,96.57978371540001,132.45,0.0
142044,245842524,3,2,2,1.0,569.796885489,138.725,0.0
142151,245842406,6,2,2,1.0,347.817443466,145.0,0.0
142166,258462544,5,3,2,0.0,225.332798568,136.66333333333333,0.0
142247,257256342,4,3,2,1.0,413.89008862099996,128.32666666666665,0.0
142307,245842600,6,2,2,1.0,50.4904496991,119.99,0.0
142390,245842600,6,2,2,1.0,676.124313086,119.99,0.0
142409,256589690,1,3,2,1.0,898.60304557,148.9,0.0
142415,245842364,7,2,2,1.0,348.7512785090001,132.42,0.0
142442,258444068,8,3,2,0.0,763.509004552,73.9,0.0
142527,245842684,4,2,2,1.0,251.97926042900002,107.9,0.0
142579,257171386,3,3,2,0.0,798.5956780710001,98.7,0.0
142583,240742184,1,1,1,1.0,279.341265681,89.5,0.0
142674,245842578,7,2,2,1.0,469.98806455,110.45,0.0
142687,258463548,8,3,2,1.0,688.744906089,92.87,0.0
142729,245842524,3,2,2,1.0,745.057875624,109.99,0.0
142771,245842684,4,2,2,1.0,517.962099858,112.46666666700001,0.0
142775,240742184,1,1,1,1.0,743.964130428,89.34576271190002,0.0
142784,258463024,5,3,2,0.0,360.98977129400004,113.9,0.0
142801,256587172,4,3,2,1.0,925.133302918,184.13,0.0
142884,245842600,6,2,2,1.0,488.783865881,110.9,0.0
142942,257168296,4,3,2,1.0,138.328463398,193.9,0.0
142950,245842684,4,2,2,1.0,302.242794146,132.3,0.0
142962,257168296,4,3,2,1.0,419.401529527,174.065,0.0
142992,245842652,2,2,2,1.0,770.4827351160001,126.9825,0.0
143147,240742184,1,1,1,1.0,576.6231993380001,79.9,0.0
143157,258463238,8,3,2,0.0,812.762867486,136.9,0.0
143207,257168296,4,3,2,1.0,280.229613115,193.9,1.0
143223,258461174,5,3,2,0.0,786.537898972,69.94,0.0
143251,245842684,4,2,2,1.0,17.7443330521,115.3,0.0
143254,258462758,9,3,2,1.0,130.185200289,86.99,0.0
143270,245842332,3,2,2,1.0,598.397077352,120.3,0.0
143317,245842440,2,2,2,1.0,812.898950369,120.9,0.0
143347,257168296,4,3,2,1.0,856.6082565239999,115.5966666665,0.0
143349,245842578,7,2,2,1.0,230.678192541,110.29333333299999,1.0
143401,245842684,4,2,2,1.0,621.433113246,107.9,0.0
143435,245842524,3,2,2,1.0,327.45609069,109.99,0.0
143438,256587172,4,3,2,1.0,762.951175857,207.08,0.0
143518,256587172,4,3,2,1.0,538.5255277790001,207.08,0.0
143530,245842440,2,2,2,1.0,762.7407276189999,120.15,0.0
143557,257171354,4,3,2,0.0,504.7489343,49.28,1.0
143628,245842578,7,2,2,1.0,553.640514176,110.45,0.0
143753,257168296,4,3,2,1.0,724.560459273,193.9,0.0
143827,240742184,1,1,1,1.0,682.7670182080001,89.5324324324,0.0
143844,245842440,2,2,2,1.0,399.21504038300003,119.9,0.0
143868,256589690,1,3,2,1.0,684.459793363,147.9,0.0
143890,245842364,7,2,2,1.0,928.487926357,121.15,0.0
143904,256587172,4,3,2,1.0,62.7197638678,212.03,0.0
143940,245842600,6,2,2,1.0,48.4654445861,114.99,0.0
143950,256587172,4,3,2,1.0,324.126581868,184.13,0.0
143960,258462758,9,3,2,1.0,602.855213595,86.99,1.0
144005,258462758,9,3,2,1.0,604.2047737290001,110.8307142855,0.0
144006,245842440,2,2,2,1.0,725.3770944830002,134.671428571,0.0
144014,256587172,4,3,2,1.0,895.7614080589999,184.13,0.0
144047,258463024,5,3,2,0.0,462.23145686699996,179.83249999999995,0.0
144050,245842600,6,2,2,1.0,640.0281303319999,175.535,0.0
144059,258461174,5,3,2,0.0,502.998066086,171.2375,0.0
144106,257168296,4,3,2,1.0,233.403067719,166.94,0.0
144116,257168296,4,3,2,1.0,892.3257605910001,193.9,0.0
144159,240742184,1,1,1,1.0,947.045501251,80.29,0.0
144167,258461350,9,3,2,0.0,919.8140987639999,157.24954545450004,0.0
144225,257168296,4,3,2,1.0,60.643711352299995,234.20909090900003,0.0
144264,245842524,3,2,2,1.0,543.456117106,109.99,0.0
144277,256587172,4,3,2,1.0,934.1404044660001,184.13,0.0
144353,258463238,8,3,2,0.0,943.53417395,63.09,0.0
144423,245842684,4,2,2,1.0,394.916175764,105.9,0.0
144446,257168296,4,3,2,1.0,692.15452422,166.94,0.0
144449,257168296,4,3,2,1.0,606.724553654,166.94,0.0
144489,245842524,3,2,2,1.0,57.8627406151,123.50711538459998,0.0
144498,240742184,1,1,1,1.0,437.989309672,80.0742307692,0.0
144586,256587172,4,3,2,1.0,618.5323997219999,199.99,0.0
144627,245842440,2,2,2,1.0,776.832540525,141.825,0.0
144667,258464026,5,3,2,0.0,269.504461235,83.66,0.0
144707,257166290,10,3,2,1.0,108.69170406200001,164.9,0.0
144708,257256342,4,3,2,1.0,280.85782833900004,156.16,0.0
144759,245842524,3,2,2,1.0,682.324738495,147.42000000000004,0.0
144808,245842364,7,2,2,1.0,634.733317129,138.68,0.0
144812,257171354,4,3,2,0.0,499.261838614,49.28,0.0
144833,240742184,1,1,1,1.0,540.52326001,89.5,0.0
144845,240742184,1,1,1,1.0,193.03819615,79.9,0.0
144859,240742184,1,1,1,1.0,517.992637701,64.59,0.0
144930,258462544,5,3,2,0.0,759.272640487,49.28,1.0
144937,245842332,3,2,2,1.0,696.770829299,119.9,0.0
144954,245842578,7,2,2,1.0,113.250841161,104.56666666666668,0.0
144994,258462544,5,3,2,0.0,366.55239335699997,89.23333333333332,0.0
144997,258444068,8,3,2,0.0,140.717684072,73.9,0.0
145027,245842524,3,2,2,1.0,947.460132934,105.99,0.0
145047,258464060,5,3,2,1.0,527.209611464,94.25,0.0
145054,245842440,2,2,2,1.0,935.43993106,120.9,0.0
145082,245842440,2,2,2,1.0,726.117082117,120.9,0.0
145115,245842524,3,2,2,1.0,662.0226856415001,128.93333333333334,0.0
145136,245842652,2,2,2,1.0,597.928289166,136.96666666666667,0.0
145160,245842406,6,2,2,1.0,763.233547402,145.0,0.0
145170,256587172,4,3,2,1.0,501.527598979,184.13,0.0
145191,258461350,9,3,2,0.0,273.245122051,69.94,0.0
145240,257168296,4,3,2,1.0,203.762614257,166.94,1.0
145315,245842600,6,2,2,1.0,83.991085429,137.42000000000002,0.0
145348,245842578,7,2,2,1.0,985.1887809189999,107.9,1.0
145430,257168296,4,3,2,1.0,261.31688613,193.9,0.0
145482,256587172,4,3,2,1.0,675.6491584380001,133.9,0.0
145500,258444068,8,3,2,0.0,205.803596945,73.9,0.0
145544,256587172,4,3,2,1.0,626.397711255,184.13,0.0
145546,257171354,4,3,2,0.0,374.459430131,49.28,0.0
145582,256587172,4,3,2,1.0,329.53864402799996,184.13,0.0
145586,245842600,6,2,2,1.0,347.16135117,114.99,0.0
145631,256587172,4,3,2,1.0,689.5836479860001,188.73090909099997,0.0
145705,245842440,2,2,2,1.0,693.879671157,120.61428571399999,0.0
145739,258463238,8,3,2,0.0,534.3925382680001,115.757142857,0.0
145752,245842578,7,2,2,1.0,593.366665665,110.9,1.0
145762,258463024,5,3,2,0.0,766.04459239,108.445,0.0
145886,245842524,3,2,2,1.0,592.628932376,105.99,0.0
145965,258464060,5,3,2,1.0,537.160922341,94.25,0.0
145999,245842406,6,2,2,1.0,722.4880583460001,149.9,0.0
146012,257171354,4,3,2,0.0,34.0295131125,53.804,0.0
146014,245842684,4,2,2,1.0,831.078173876,106.8375,0.0
146086,258463548,8,3,2,1.0,981.126941698,92.87,0.0
146121,256587172,4,3,2,1.0,339.604299593,184.13,0.0
146154,245842440,2,2,2,1.0,351.842121277,119.9,0.0
146173,245842684,4,2,2,1.0,113.760138932,107.9,0.0
146178,245842440,2,2,2,1.0,735.427569484,137.42000000000002,0.0
146213,257168296,4,3,2,1.0,555.478231757,166.94,0.0
146291,245842524,3,2,2,1.0,871.6220066230002,143.92000000000004,0.0
146344,245842440,2,2,2,1.0,309.822305384,120.9,0.0
146351,257170510,3,3,2,0.0,820.2169717510001,114.7727272725,0.0
146353,245842578,7,2,2,1.0,153.424256423,108.645454545,0.0
146375,245842332,3,2,2,1.0,504.236014346,97.06363636333334,0.0
146378,258463024,5,3,2,0.0,839.5396619339999,85.48181818166667,0.0
146456,258444068,8,3,2,0.0,733.468219223,73.9,0.0
146459,245842406,6,2,2,1.0,407.031332645,96.9,0.0
146500,245842440,2,2,2,1.0,894.2695997000003,119.9,0.0
146504,240761952,1,1,1,1.0,53.900974278,163.49,0.0
146591,256587172,4,3,2,1.0,915.5975935639999,207.08,0.0
146724,245842440,2,2,2,1.0,486.982781105,120.9,0.0
146768,258464026,5,3,2,0.0,953.1995978110001,83.66,1.0
146803,245842364,7,2,2,1.0,455.592319944,138.68,0.0
146816,257170596,4,3,2,0.0,883.67262258,139.9,0.0
146834,256587172,4,3,2,1.0,760.7235799619998,184.13,0.0
146835,245842440,2,2,2,1.0,583.7934479930001,120.9,0.0
146873,240742184,1,1,1,1.0,289.61422721,80.0742307692,0.0
146916,258462544,5,3,2,0.0,353.865923419,123.50711538459998,0.0
146927,257168296,4,3,2,1.0,615.260503006,166.94,0.0
146945,240742184,1,1,1,1.0,64.06482053479999,89.5,0.0
146962,245842684,4,2,2,1.0,161.858255139,118.7,0.0
146981,256589690,1,3,2,1.0,934.1404044660001,147.9,0.0
147042,258463024,5,3,2,0.0,3.93101380432,146.45,0.0
147126,245842406,6,2,2,1.0,650.7490847930001,145.0,0.0
147174,245842332,3,2,2,1.0,258.847401931,132.45,0.0
147217,245842332,3,2,2,1.0,788.380270499,119.9,0.0
147251,245842684,4,2,2,1.0,617.336230905,107.9,0.0
147256,245842684,4,2,2,1.0,469.98806455,101.545,0.0
147261,258461056,9,3,2,1.0,836.888137356,95.19,0.0
147276,240742184,1,1,1,1.0,398.61756397,89.5,0.0
147289,256587172,4,3,2,1.0,657.575499497,184.13,0.0
147317,245842684,4,2,2,1.0,882.5141153239999,107.9,0.0
147356,245842524,3,2,2,1.0,800.434069197,109.99,0.0
147554,245842578,7,2,2,1.0,82.94925698819999,107.522857143,0.0
147564,245842364,7,2,2,1.0,631.498951142,121.011111111,0.0
147567,257171354,4,3,2,0.0,728.4195290660001,57.428571428599994,0.0
147591,256587172,4,3,2,1.0,682.046913815,81.07142857145,0.0
147596,245842524,3,2,2,1.0,249.932458046,104.7142857143,0.0
147619,258463238,8,3,2,0.0,60.6651512593,128.35714285715,0.0
147636,245842364,7,2,2,1.0,680.529326269,152.0,0.0
147657,245842524,3,2,2,1.0,20.5660227507,109.99,0.0
147675,257168296,4,3,2,1.0,162.523829066,193.9,0.0
147795,257168296,4,3,2,1.0,587.09840563,169.390909091,0.0
147886,245842652,2,2,2,1.0,68.323558628,116.65666666700001,0.0
147910,240761952,1,1,1,1.0,732.599410881,112.79333333350003,0.0
147934,245842600,6,2,2,1.0,118.640642633,108.93,0.0
147970,245842406,6,2,2,1.0,633.815575816,84.795,0.0
147990,258461174,5,3,2,0.0,284.600330255,60.66,0.0
148002,245842440,2,2,2,1.0,540.293672756,120.316666667,0.0
148063,258464060,5,3,2,1.0,859.1563485789999,89.15,0.0
148089,245842684,4,2,2,1.0,395.85570375599997,106.17777777799999,0.0
148093,258444068,8,3,2,0.0,806.9408919210001,73.9,0.0
148108,245842364,7,2,2,1.0,274.82843508400003,120.80909090899999,0.0
148114,245842524,3,2,2,1.0,34.5574401042,125.35454545450001,0.0
148129,245842364,7,2,2,1.0,289.70516543900004,129.9,0.0
148153,240761952,1,1,1,1.0,976.10807247,126.9,0.0
148187,245842600,6,2,2,1.0,978.725609671,123.9,0.0
148192,245842440,2,2,2,1.0,84.27126070119998,120.9,0.0
148215,240761952,1,1,1,1.0,945.377825392,157.4,0.0
148219,257168296,4,3,2,1.0,935.645891588,193.9,1.0
148240,240742184,1,1,1,1.0,753.840399472,79.9,0.0
148261,256587172,4,3,2,1.0,35.342214216100004,184.13,0.0
148425,245842684,4,2,2,1.0,578.052629193,107.9,0.0
148486,245842652,2,2,2,1.0,778.19512821,116.418571429,0.0
148525,245842364,7,2,2,1.0,915.5975935639999,138.68,0.0
148555,245842364,7,2,2,1.0,484.67177137,132.42,0.0
148600,245842578,7,2,2,1.0,33.5815031257,105.9,1.0
148602,256589690,1,3,2,1.0,640.9245686840001,153.9,0.0
148721,257168296,4,3,2,1.0,947.9914936189999,169.636,0.0
148722,245842600,6,2,2,1.0,570.04628987,111.899411765,0.0
148764,257168296,4,3,2,1.0,606.446770053,169.636,0.0
148870,256589690,1,3,2,1.0,27.3229443374,147.9,0.0
148878,258444068,8,3,2,0.0,771.169667829,73.9,0.0
148971,258444068,8,3,2,0.0,148.083029582,73.9,0.0
148987,240742184,1,1,1,1.0,146.203267733,89.5324324324,0.0
149006,245842440,2,2,2,1.0,831.324168109,120.61428571399999,0.0
149031,240742184,1,1,1,1.0,579.282442323,89.5,0.0
149076,245842684,4,2,2,1.0,638.71080344,108.127272727,0.0
149087,245842332,3,2,2,1.0,966.444658929,120.122222222,0.0
149144,258464060,5,3,2,1.0,371.511826967,84.701111111,0.0
149161,257171354,4,3,2,0.0,501.223488544,49.28,0.0
149205,257168296,4,3,2,1.0,222.91600708599998,170.111764706,0.0
149206,240742184,1,1,1,1.0,768.630080591,89.5324324324,0.0
149250,245842440,2,2,2,1.0,421.642114884,120.9,0.0
149265,257168296,4,3,2,1.0,501.132148615,193.9,0.0
149276,258461174,5,3,2,0.0,826.20654344,69.94,1.0
149311,245842652,2,2,2,1.0,617.850937304,116.418571429,0.0
149334,245842440,2,2,2,1.0,277.87774495400004,120.9,0.0
149412,240761952,1,1,1,1.0,520.302249715,105.60454545454999,0.0
149431,258464060,5,3,2,1.0,842.038353956,90.3090909091,0.0
149463,245842332,3,2,2,1.0,807.145709892,120.566666667,0.0
149527,256587172,4,3,2,1.0,229.236735194,207.08,1.0
149536,245842600,6,2,2,1.0,161.683684131,108.425,0.0
149611,245842440,2,2,2,1.0,697.846678885,120.9,0.0
149651,257168296,4,3,2,1.0,37.770112557,166.94,0.0
149663,240742184,1,1,1,1.0,685.887469514,79.9,0.0
149711,257171354,4,3,2,0.0,504.141254796,49.5717647059,0.0
149876,258461350,9,3,2,0.0,204.292415375,69.73588235295,0.0
149888,240742184,1,1,1,1.0,511.8829026895,89.9,1.0
149957,257170596,4,3,2,0.0,819.473390004,84.56666666666669,0.0
149971,245842440,2,2,2,1.0,537.50536758,79.23333333333333,0.0
150046,258444068,8,3,2,0.0,683.406173242,73.9,0.0
150061,245842440,2,2,2,1.0,641.1626403180001,134.671428571,0.0
150076,245842578,7,2,2,1.0,177.067910673,133.0,0.0
150082,245842600,6,2,2,1.0,442.260593105,108.425,0.0
150172,258461056,9,3,2,1.0,748.54688776,95.19,1.0
150189,258444068,8,3,2,0.0,291.726081553,73.9,0.0
150221,240742184,1,1,1,1.0,672.031021249,79.9,0.0
150238,240742184,1,1,1,1.0,238.49963464799998,80.0580232558,0.0
150242,245842600,6,2,2,1.0,894.791421988,108.425,0.0
150251,256587172,4,3,2,1.0,351.436277981,184.13,0.0
150277,240742184,1,1,1,1.0,168.907098018,89.53333333329998,0.0
150280,258463548,8,3,2,1.0,77.5489930776,104.71666666665001,0.0
150385,245842364,7,2,2,1.0,814.578306248,119.9,0.0
150387,245842600,6,2,2,1.0,354.69842283099996,108.425,0.0
150433,258461350,9,3,2,0.0,326.352073964,69.94,0.0
150450,256587172,4,3,2,1.0,413.89008862099996,207.08,0.0
150474,258461350,9,3,2,0.0,400.52377144,158.535,0.0
150485,245842524,3,2,2,1.0,683.183687457,109.99,0.0
150502,245842684,4,2,2,1.0,168.633582256,111.8486363635,0.0
150565,245842440,2,2,2,1.0,357.024854132,113.707272727,0.0
150581,240742184,1,1,1,1.0,648.397352775,89.9,0.0
150593,245842684,4,2,2,1.0,849.853264665,105.9,0.0
150632,245842332,3,2,2,1.0,646.350455925,120.566666667,0.0
150664,245842652,2,2,2,1.0,972.676882698,119.99,0.0
150708,245842684,4,2,2,1.0,365.346492814,107.9,0.0
150758,245842440,2,2,2,1.0,345.84961693599996,120.9,0.0
150866,245842440,2,2,2,1.0,129.005757749,120.9,0.0
150931,240742184,1,1,1,1.0,171.192318441,79.9,1.0
150944,245842578,7,2,2,1.0,513.339552816,110.445,0.0
150998,258463548,8,3,2,1.0,820.994076505,92.87,0.0
151006,240742184,1,1,1,1.0,805.4828252410001,79.9,0.0
151048,258461424,9,3,2,1.0,956.319408626,143.49,0.0
151050,256587172,4,3,2,1.0,736.6276307310001,207.08,0.0
151075,245842440,2,2,2,1.0,20.3428790534,120.9,0.0
151117,245842684,4,2,2,1.0,488.724201234,110.9,0.0
151136,245842440,2,2,2,1.0,138.112280798,120.9,0.0
151159,245842600,6,2,2,1.0,201.414811047,111.884444444,0.0
151179,256587172,4,3,2,1.0,724.560459273,184.13,0.0
151192,257168296,4,3,2,1.0,414.088213909,145.530625,0.0
151211,245842684,4,2,2,1.0,385.951546432,106.93125,0.0
151224,256587172,4,3,2,1.0,516.481300285,184.13,0.0
151423,257168296,4,3,2,1.0,399.86740849,193.9,1.0
151434,245842684,4,2,2,1.0,87.44428440739998,156.9,0.0
151520,245842332,3,2,2,1.0,855.561373592,119.9,0.0
151564,258444068,8,3,2,0.0,786.319809332,73.9,0.0
151635,245842684,4,2,2,1.0,99.790903352,106.61428571399999,0.0
151668,245842332,3,2,2,1.0,599.7045276819999,126.9,0.0
151691,245842684,4,2,2,1.0,199.15067221299998,107.9,0.0
151723,258463238,8,3,2,0.0,282.380800172,114.4,0.0
151748,245842440,2,2,2,1.0,401.17940755800004,120.9,0.0
151868,245842440,2,2,2,1.0,205.295575803,120.9,0.0
151898,245842440,2,2,2,1.0,838.1876022639999,120.15,0.0
151965,245842440,2,2,2,1.0,526.899677042,120.9,0.0
151972,240742184,1,1,1,1.0,441.884759776,89.5421052632,0.0
151984,245842600,6,2,2,1.0,282.78196522400003,112.04789473700001,0.0
152033,245842652,2,2,2,1.0,439.744516979,117.297692308,0.0
152128,256587172,4,3,2,1.0,737.449023663,202.12,0.0
152182,257168296,4,3,2,1.0,51.3905699517,185.135681818,0.0
152258,245842684,4,2,2,1.0,802.7090146080002,105.9,0.0
152271,245842600,6,2,2,1.0,273.269868897,119.99,0.0
152278,245842652,2,2,2,1.0,951.528075317,159.99,0.0
152282,256587172,4,3,2,1.0,456.315926092,199.99,0.0
152382,258461350,9,3,2,0.0,672.614636652,157.96,0.0
152414,245842524,3,2,2,1.0,44.068468501999995,115.93,0.0
152437,258444068,8,3,2,0.0,361.309420076,73.9,0.0
152442,245842600,6,2,2,1.0,811.883465874,114.99,1.0
152452,245842440,2,2,2,1.0,363.11097896300004,120.4,0.0
152613,245842684,4,2,2,1.0,219.977913747,106.17777777799999,0.0
152653,240742184,1,1,1,1.0,968.07932756,79.9,0.0
152684,258463024,5,3,2,0.0,705.854907368,88.81916666666667,0.0
152685,258462544,5,3,2,0.0,68.681130411,97.73833333333332,0.0
152774,245842600,6,2,2,1.0,328.46132773,106.6575,0.0
152794,245842652,2,2,2,1.0,214.06133840099997,94.27375,0.0
152828,245842652,2,2,2,1.0,546.301130974,81.89,0.0
152928,245842652,2,2,2,1.0,390.96657002,116.65666666700001,0.0
152947,256587172,4,3,2,1.0,235.632009066,184.13,0.0
153044,240742184,1,1,1,1.0,464.879594026,79.747,0.0
153133,245842440,2,2,2,1.0,542.290237861,120.9,0.0
153270,245842440,2,2,2,1.0,411.71365787,120.9,0.0
153292,245842406,6,2,2,1.0,551.918192261,130.5,0.0
153295,245842578,7,2,2,1.0,441.092941085,109.9,0.0
153324,257166290,10,3,2,1.0,453.364712074,164.9,0.0
153339,258444068,8,3,2,0.0,11.8292735505,73.9,0.0
153415,256587172,4,3,2,1.0,701.9779789060001,207.08,0.0
153432,240742184,1,1,1,1.0,120.32091451,79.9,0.0
153482,245842652,2,2,2,1.0,720.827002732,119.99,0.0
153516,258462544,5,3,2,0.0,857.5480183345002,49.28,0.0
153527,245842578,7,2,2,1.0,994.269033937,107.9,0.0
153545,240742184,1,1,1,1.0,360.728576701,89.66,0.0
153559,245842684,4,2,2,1.0,362.01827682199996,106.93125,0.0
153567,258444068,8,3,2,0.0,849.9159683,73.9,0.0
153663,257171354,4,3,2,0.0,765.6254404819998,49.5717647059,0.0
153704,245842440,2,2,2,1.0,784.784195458,85.06921568645001,0.0
153708,245842332,3,2,2,1.0,54.50540895100001,120.566666667,0.0
153729,240742184,1,1,1,1.0,27.378416802600004,89.54,0.0
153789,245842406,6,2,2,1.0,821.274362941,113.1875,0.0
153791,245842684,4,2,2,1.0,617.5899577844999,136.835,0.0
153851,245842684,4,2,2,1.0,413.905552628,160.48250000000004,0.0
153909,256587172,4,3,2,1.0,497.92895094,184.13,0.0
153916,240742184,1,1,1,1.0,860.706605521,80.0742307692,0.0
153963,245842652,2,2,2,1.0,302.242794146,111.7544,0.0
153970,258463024,5,3,2,0.0,889.37114186,113.9972,0.0
153984,245842652,2,2,2,1.0,25.09370349,116.24,0.0
154004,245842440,2,2,2,1.0,156.133270117,119.9,0.0
154038,240742184,1,1,1,1.0,625.557481973,89.9,0.0
154108,245842578,7,2,2,1.0,993.2274329210001,110.45,0.0
154118,258462544,5,3,2,0.0,800.0576470189999,99.995,0.0
154147,240742184,1,1,1,1.0,876.1977338910001,89.54,0.0
154155,245842332,3,2,2,1.0,350.349155167,120.566666667,0.0
154291,240742184,1,1,1,1.0,308.918535895,89.68775510200001,0.0
154340,245842652,2,2,2,1.0,121.636277562,114.99,0.0
154447,245842684,4,2,2,1.0,473.618042708,106.8375,0.0
154455,245842652,2,2,2,1.0,311.682283721,138.23675,0.0
154488,257168296,4,3,2,1.0,629.398866075,169.636,0.0
154530,258463548,8,3,2,1.0,956.319408626,138.9796666665,0.0
154563,245842524,3,2,2,1.0,614.526184545,108.323333333,0.0
154585,256587172,4,3,2,1.0,230.466798262,207.08,0.0
154595,240742184,1,1,1,1.0,231.25076852,89.54,0.0
154599,258461424,9,3,2,1.0,71.6184706651,84.915,0.0
154638,240742184,1,1,1,1.0,826.937328586,80.29,0.0
154702,245842332,3,2,2,1.0,103.923154296,120.9,0.0
154710,245842524,3,2,2,1.0,612.110184933,118.93333333333334,0.0
154719,245842684,4,2,2,1.0,294.102855268,116.96666666666668,0.0
154779,245842578,7,2,2,1.0,750.320424844,115.0,0.0
154830,240742184,1,1,1,1.0,780.4855709330002,79.9,1.0
154832,257256342,4,3,2,1.0,588.733689163,119.9,0.0
154864,257256342,4,3,2,1.0,837.481214629,104.9,0.0
154876,240742184,1,1,1,1.0,522.012878754,89.9,0.0
154881,257166290,10,3,2,1.0,81.5046430287,105.04285714299999,0.0
154893,245842332,3,2,2,1.0,633.081709896,120.185714286,0.0
154914,240742184,1,1,1,1.0,284.543956733,79.9,1.0
154963,245842406,6,2,2,1.0,378.5470708795,89.9,0.0
155014,245842578,7,2,2,1.0,472.550185026,99.9,0.0
155060,245842684,4,2,2,1.0,320.49626383099996,109.9,0.0
155094,245842524,3,2,2,1.0,913.395940119,109.99,0.0
155110,245842684,4,2,2,1.0,761.7161992939999,107.9,0.0
155116,258464060,5,3,2,1.0,372.607672869,90.3090909091,0.0
155139,258463238,8,3,2,0.0,635.906176156,90.0393939394,0.0
155169,258461088,9,3,2,0.0,104.647235473,89.7696969697,0.0
155196,240742184,1,1,1,1.0,542.355802788,89.5,0.0
155198,245842600,6,2,2,1.0,980.064370103,108.425,0.0
155215,240742184,1,1,1,1.0,427.69000376699995,89.5,0.0
155303,245842652,2,2,2,1.0,651.419498673,87.9,0.0
155327,240742184,1,1,1,1.0,963.727674347,86.3,0.0
155356,258463548,8,3,2,1.0,734.435868266,92.87,0.0
155401,257256342,4,3,2,1.0,339.830137402,119.9,0.0
155405,240742184,1,1,1,1.0,536.050932199,89.5,1.0
155492,245842578,7,2,2,1.0,82.4553694963,110.445,0.0
155493,258463548,8,3,2,1.0,726.092101587,108.311388889,0.0
155498,245842684,4,2,2,1.0,903.40069837,106.17777777799999,0.0
155523,258463024,5,3,2,0.0,532.6265020230001,113.9,0.0
155605,245842684,4,2,2,1.0,114.950583522,139.9,0.0
155627,245842440,2,2,2,1.0,90.8673773574,120.9,0.0
155631,245842684,4,2,2,1.0,695.298735232,120.56666666666668,0.0
155678,258461088,9,3,2,0.0,782.980210131,120.23333333333332,0.0
155732,257256342,4,3,2,1.0,809.3537938689999,119.9,0.0
155745,258461424,9,3,2,1.0,643.900537524,95.19,0.0
155750,258464464,8,3,2,1.0,10.1012434934,97.59,0.0
155755,245842524,3,2,2,1.0,760.945858507,99.99,0.0
155762,257171354,4,3,2,0.0,829.3266136760001,49.9,0.0
155763,256589690,1,3,2,1.0,746.693954987,153.9,0.0
155836,245842684,4,2,2,1.0,797.512220088,110.9,0.0
155887,258463548,8,3,2,1.0,717.037693412,92.87,0.0
155947,245842332,3,2,2,1.0,651.3800503169999,126.03043478299999,0.0
155988,256587172,4,3,2,1.0,463.012251138,184.13,0.0
155993,258461174,5,3,2,0.0,314.335308013,69.94,0.0
156025,245842684,4,2,2,1.0,590.869852714,107.9,0.0
156076,240742184,1,1,1,1.0,571.272094897,89.9,0.0
156081,258463024,5,3,2,0.0,959.6566107360001,84.84899999999999,0.0
156085,240742184,1,1,1,1.0,651.119985587,79.798,0.0
156135,240742184,1,1,1,1.0,795.478123492,89.53333333329998,0.0
156171,240742184,1,1,1,1.0,211.43745878099998,79.9,0.0
156201,245842652,2,2,2,1.0,222.44902762200002,132.015,0.0
156262,256587172,4,3,2,1.0,794.8636341619998,184.13,0.0
156357,257168296,4,3,2,1.0,116.840646885,193.9,0.0
156360,245842332,3,2,2,1.0,593.663945738,120.3,0.0
156379,256589690,1,3,2,1.0,545.354910662,152.05384615399998,0.0
156443,245842440,2,2,2,1.0,348.36828653199996,120.9,0.0
156451,257168296,4,3,2,1.0,245.81051541099998,169.636,0.0
156454,245842684,4,2,2,1.0,143.25274429,107.15,0.0
156459,256587172,4,3,2,1.0,535.43301563,201.0,1.0
156488,240742184,1,1,1,1.0,788.28249706,89.5,0.0
156495,258463024,5,3,2,0.0,964.4353693219999,121.7,0.0
156498,256589690,1,3,2,1.0,629.349223802,153.9,0.0
156511,245842652,2,2,2,1.0,866.049610039,111.619583333,0.0
156597,240761952,1,1,1,1.0,768.630080591,93.35305555533331,0.0
156600,258463548,8,3,2,1.0,301.437641915,75.08652777766667,0.0
156689,258462544,5,3,2,0.0,454.23823015199997,56.82,0.0
156706,257168296,4,3,2,1.0,963.017186815,193.9,0.0
156735,245842578,7,2,2,1.0,270.917229141,109.9,0.0
156750,245842440,2,2,2,1.0,415.37684267300006,120.9,0.0
156790,245842684,4,2,2,1.0,663.090152105,107.9,0.0
156860,245842440,2,2,2,1.0,868.355844262,120.5,0.0
156872,245842332,3,2,2,1.0,467.518061795,120.566666667,0.0
156875,258463548,8,3,2,1.0,233.403067719,113.61208333350001,0.0
156878,245842600,6,2,2,1.0,184.07928502299998,106.6575,0.0
156949,245842600,6,2,2,1.0,840.873243643,114.99,0.0
157044,245842600,6,2,2,1.0,596.306199781,111.899411765,0.0
157053,245842684,4,2,2,1.0,146.515217208,110.9447058825,0.0
157135,245842524,3,2,2,1.0,629.835109578,109.99,0.0
157158,245842652,2,2,2,1.0,395.41446595800005,98.44,0.0
157164,257168296,4,3,2,1.0,915.5975935639999,193.9,0.0
157171,240742184,1,1,1,1.0,129.57468372399998,89.9,0.0
157236,245842332,3,2,2,1.0,697.425584774,120.566666667,0.0
157293,257168296,4,3,2,1.0,60.6280981625,166.94,0.0
157297,245842578,7,2,2,1.0,399.21504038300003,107.9,1.0
157318,245842684,4,2,2,1.0,656.387280924,106.17777777799999,0.0
157357,245842684,4,2,2,1.0,283.784635917,114.98333333349998,0.0
157368,245842332,3,2,2,1.0,814.578306248,123.78888888899999,0.0
157380,258444068,8,3,2,0.0,942.8315839810001,73.9,0.0
157396,245842684,4,2,2,1.0,925.3950426939999,108.127272727,0.0
157400,257171354,4,3,2,0.0,29.608933792600002,91.0136363635,0.0
157403,258444068,8,3,2,0.0,958.471590915,73.9,0.0
157487,245842332,3,2,2,1.0,335.614514398,120.566666667,0.0
157500,257168296,4,3,2,1.0,904.665090904,193.9,0.0
157541,245842440,2,2,2,1.0,512.459652959,120.15,0.0
157594,245842440,2,2,2,1.0,114.636888451,120.5,0.0
157640,245842332,3,2,2,1.0,298.08940925900004,119.9,0.0
157655,258463548,8,3,2,1.0,315.02229820599996,103.142,0.0
157672,245842652,2,2,2,1.0,179.97077056700005,99.03333333329999,0.0
157680,245842652,2,2,2,1.0,350.846000514,99.03333333329999,0.0
157697,258462544,5,3,2,0.0,956.319408626,94.42666666665001,0.0
157744,240742184,1,1,1,1.0,614.36680669,89.82,0.0
157774,257168296,4,3,2,1.0,154.64405780299998,193.9,0.0
157795,245842652,2,2,2,1.0,147.392209373,119.99,0.0
157806,245842684,4,2,2,1.0,695.155897136,120.445,0.0
157822,245842440,2,2,2,1.0,137.87429479,120.9,0.0
157828,240742184,1,1,1,1.0,107.7052796051,89.7588235294,0.0
157861,258461350,9,3,2,0.0,77.5362644202,69.94,0.0
157895,240742184,1,1,1,1.0,728.0408411760001,89.9,0.0
157983,245842440,2,2,2,1.0,135.79595708899998,120.9,0.0
158013,240742184,1,1,1,1.0,887.997959205,80.04457446810001,0.0
158165,245842440,2,2,2,1.0,593.497954917,120.9,0.0
158169,245842440,2,2,2,1.0,685.670978797,102.28,0.0
158191,258464026,5,3,2,0.0,777.8440026769998,83.66,0.0
158226,245842652,2,2,2,1.0,219.987094806,81.89,0.0
158238,257168296,4,3,2,1.0,949.534564451,166.94,0.0
158241,245842440,2,2,2,1.0,74.6726797197,120.15,0.0
158249,245842440,2,2,2,1.0,830.181364235,120.9,0.0
158266,258462544,5,3,2,0.0,535.151977249,56.82,0.0
158339,245842684,4,2,2,1.0,28.8043607434,110.9,0.0
158345,245842578,7,2,2,1.0,487.632818724,109.9,1.0
158356,258461424,9,3,2,1.0,724.33268199,156.01,0.0
158378,256587172,4,3,2,1.0,193.18817006900002,202.12,1.0
158379,258463024,5,3,2,0.0,527.209611464,113.9,1.0
158452,256589690,1,3,2,1.0,92.8835923074,153.9,0.0
158552,257168296,4,3,2,1.0,251.51926553299998,193.9,0.0
158642,245842600,6,2,2,1.0,277.961052839,151.11166666649999,0.0
158648,245842524,3,2,2,1.0,906.813620237,108.323333333,0.0
158667,245842684,4,2,2,1.0,276.41734935799997,107.9,0.0
158773,240761952,1,1,1,1.0,114.898619017,98.9,0.0
158851,240742184,1,1,1,1.0,562.218718407,89.9,0.0
158852,245842578,7,2,2,1.0,483.579500286,110.45,0.0
158853,245842524,3,2,2,1.0,998.2889645810001,95.175,0.0
158867,240742184,1,1,1,1.0,448.72607599400004,79.9,0.0
158874,245842578,7,2,2,1.0,323.108704957,109.9,0.0
159017,258444068,8,3,2,0.0,615.322334598,73.9,0.0
159059,256589690,1,3,2,1.0,348.36828653199996,153.9,0.0
159091,258464060,5,3,2,1.0,54.111191496400004,94.25,0.0
159102,258444068,8,3,2,0.0,543.889939389,73.9,0.0
159110,245842332,3,2,2,1.0,486.02543881300005,111.4,0.0
159117,256589690,1,3,2,1.0,428.160938237,148.9,0.0
159163,240742184,1,1,1,1.0,542.485385929,79.9,0.0
159193,245842578,7,2,2,1.0,562.80066693,110.9,1.0
159251,258464060,5,3,2,1.0,169.69066827,94.25,0.0
159257,258444068,8,3,2,0.0,146.056336705,102.075,0.0
159318,245842578,7,2,2,1.0,965.279822787,109.9,0.0
159335,245842332,3,2,2,1.0,799.049067789,99.7909090909,0.0
159347,240742184,1,1,1,1.0,818.0970609560001,89.6818181818,0.0
159370,245842406,6,2,2,1.0,154.23311329,98.4159090909,0.0
159384,245842684,4,2,2,1.0,58.4792661136,107.15,0.0
159399,245842332,3,2,2,1.0,451.12237571,120.566666667,0.0
159402,240742184,1,1,1,1.0,44.8074860655,79.9,0.0
159419,245842406,6,2,2,1.0,713.062691655,93.9,0.0
159421,245842684,4,2,2,1.0,941.232666509,107.9,0.0
159428,240742184,1,1,1,1.0,556.775593919,79.56,0.0
159467,258463024,5,3,2,0.0,595.886495483,109.582307692,0.0
159486,245842578,7,2,2,1.0,455.868549374,130.79115384600001,0.0
159521,245842364,7,2,2,1.0,309.18024251599996,152.0,0.0
159541,245842652,2,2,2,1.0,907.625994015,116.808181818,0.0
159546,245842440,2,2,2,1.0,775.410944137,120.9,0.0
159550,245842440,2,2,2,1.0,876.237791372,119.93468085100001,0.0
159563,245842406,6,2,2,1.0,152.36448861,118.96936170200001,0.0
159564,245842440,2,2,2,1.0,811.44194753,118.00404255299999,0.0
159591,245842684,4,2,2,1.0,603.83918437,117.038723404,0.0
159600,245842652,2,2,2,1.0,357.024854132,116.073404255,0.0
159747,257171354,4,3,2,0.0,743.545055176,53.804,0.0
159754,245842406,6,2,2,1.0,864.5759106219998,82.8365833335,0.0
159838,245842600,6,2,2,1.0,260.249707235,111.869166667,0.0
159839,245842600,6,2,2,1.0,352.58401142599996,119.99,0.0
159847,258461174,5,3,2,0.0,620.800386366,118.32666666666668,0.0
159859,245842600,6,2,2,1.0,526.6795532819999,116.66333333333333,0.0
159874,245842578,7,2,2,1.0,260.182040061,115.0,0.0
159905,258463024,5,3,2,0.0,373.286094452,111.7125,0.0
159914,245842600,6,2,2,1.0,18.9524170247,108.425,0.0
159916,245842578,7,2,2,1.0,155.499632828,110.45,0.0
160028,240742184,1,1,1,1.0,853.81291449,104.74166666665,0.0
160074,245842652,2,2,2,1.0,952.830948676,99.03333333329999,0.0
160078,256589690,1,3,2,1.0,120.159971575,147.9,0.0
160088,240761952,1,1,1,1.0,865.691294717,99.0,0.0
160112,257256342,4,3,2,1.0,840.562814585,123.45,0.0
160117,256589690,1,3,2,1.0,724.291217377,147.9,0.0
160125,258463238,8,3,2,0.0,633.7594044059999,63.09,0.0
160130,245842600,6,2,2,1.0,205.68912624700002,108.425,0.0
160177,258444068,8,3,2,0.0,77.5413297282,73.9,0.0
160211,240761952,1,1,1,1.0,806.092556727,99.0,0.0
160227,240742184,1,1,1,1.0,925.99909093,89.5421052632,0.0
160229,258461350,9,3,2,0.0,309.820049876,84.9160526316,0.0
160238,240742184,1,1,1,1.0,363.62560718699996,80.29,0.0
160295,245842440,2,2,2,1.0,758.2280761889999,122.9,0.0
160370,245842578,7,2,2,1.0,644.307245064,115.0,0.0
160523,245842652,2,2,2,1.0,998.526701477,111.619583333,0.0
160622,258444068,8,3,2,0.0,969.593137179,95.83207890055,0.0
160639,240742184,1,1,1,1.0,115.730116037,80.04457446810001,0.0
160667,245842440,2,2,2,1.0,768.724851457,120.9,0.0
160696,245842524,3,2,2,1.0,923.454600793,121.0735714285,0.0
160787,257256342,4,3,2,1.0,934.1991786469999,121.24714285700001,0.0
160791,245842600,6,2,2,1.0,268.186004606,110.9,0.0
160807,256589690,1,3,2,1.0,28.8043607434,145.9,0.0
160844,245842440,2,2,2,1.0,903.65769757,125.9,0.0
160867,245842684,4,2,2,1.0,782.17763808,105.9,0.0
160916,245842440,2,2,2,1.0,528.5399390709999,114.99,0.0
160934,256587172,4,3,2,1.0,898.939920759,188.73090909099997,0.0
160986,240742184,1,1,1,1.0,206.023437971,89.9,0.0
161034,245842332,3,2,2,1.0,838.9163862889999,89.71666666665001,0.0
161053,240742184,1,1,1,1.0,301.39851256,89.53333333329998,0.0
161065,245842600,6,2,2,1.0,571.4576602569999,108.425,0.0
161074,256587172,4,3,2,1.0,463.616820637,184.13,0.0
161081,240742184,1,1,1,1.0,280.99767288099997,79.798,0.0
161116,257168296,4,3,2,1.0,629.349223802,166.94,1.0
161136,245842440,2,2,2,1.0,134.61333222,120.9,1.0
161153,245842652,2,2,2,1.0,562.227234468,100.88,0.0
161260,257170510,3,3,2,0.0,938.971535242,80.86,1.0
161312,245842684,4,2,2,1.0,300.856353955,137.38,0.0
161377,257168296,4,3,2,1.0,911.188325155,193.9,0.0
161464,257168296,4,3,2,1.0,715.1494783355,166.94,0.0
161516,245842684,4,2,2,1.0,519.110631516,108.127272727,0.0
161528,245842684,4,2,2,1.0,461.184471126,107.9,0.0
161582,240742184,1,1,1,1.0,513.004461772,89.53333333329998,0.0
161595,245842652,2,2,2,1.0,508.948637315,99.03333333329999,0.0
161621,257168296,4,3,2,1.0,798.328238035,193.9,0.0
161668,245842332,3,2,2,1.0,196.73714002,119.9,0.0
161680,240761952,1,1,1,1.0,347.234052093,99.0,0.0
161772,258462544,5,3,2,0.0,573.891025472,106.995,0.0
161840,245842600,6,2,2,1.0,292.86723439599996,114.99,0.0
161871,245842684,4,2,2,1.0,110.663555523,107.9,0.0
161897,256589690,1,3,2,1.0,457.4733732,150.9,0.0
161909,257168296,4,3,2,1.0,922.041430277,193.9,0.0
161958,245842600,6,2,2,1.0,31.850981869800002,108.425,0.0
161992,245842406,6,2,2,1.0,705.592229535,99.0125,0.0
162006,240742184,1,1,1,1.0,600.0267213230001,89.6,0.0
162025,245842652,2,2,2,1.0,227.437124234,110.9,0.0
162061,245842600,6,2,2,1.0,952.830948676,108.425,0.0
162088,245842524,3,2,2,1.0,369.37116378699994,110.1622058825,0.0
162112,245842600,6,2,2,1.0,349.3503900340001,111.899411765,0.0
162128,257171354,4,3,2,0.0,952.830948676,53.804,0.0
162177,245842600,6,2,2,1.0,489.15052680699995,115.0355,0.0
162203,258463548,8,3,2,1.0,136.188292711,92.87,0.0
162222,245842440,2,2,2,1.0,488.48734825900004,120.9,0.0
162225,256587172,4,3,2,1.0,671.667054268,184.13,0.0
162237,257168296,4,3,2,1.0,102.998907495,166.94,0.0
162251,245842684,4,2,2,1.0,2.6120340932,107.15,0.0
162322,245842364,7,2,2,1.0,348.36828653199996,152.0,0.0
162333,240761952,1,1,1,1.0,270.302413472,132.95,0.0
162383,258463024,5,3,2,0.0,192.236540412,113.9,0.0
162429,257171354,4,3,2,0.0,663.912496009,49.28,0.0
162451,245842578,7,2,2,1.0,336.84479460200004,107.522857143,0.0
162454,240742184,1,1,1,1.0,161.693551176,89.7421052632,0.0
162464,245842684,4,2,2,1.0,483.361476074,107.9,0.0
162502,258444068,8,3,2,0.0,546.372318726,73.9,0.0
162506,245842440,2,2,2,1.0,752.087724718,120.15,0.0
162523,245842578,7,2,2,1.0,635.013608236,110.9,1.0
162525,245842684,4,2,2,1.0,579.8966268219999,108.127272727,0.0
162532,258464026,5,3,2,0.0,950.631287346,72.56,0.0
162533,245842440,2,2,2,1.0,344.040343609,120.9,0.0
162544,258463238,8,3,2,0.0,286.563257426,120.59666666666666,0.0
162555,245842524,3,2,2,1.0,826.9107211119998,120.29333333333334,0.0
162631,245842652,2,2,2,1.0,484.035492656,119.99,0.0
162657,245842332,3,2,2,1.0,705.35096774,126.9,1.0
162692,258444068,8,3,2,0.0,168.836967031,116.86875,0.0
162709,245842684,4,2,2,1.0,513.394090183,106.8375,0.0
162795,245842684,4,2,2,1.0,266.975376746,106.8375,0.0
162884,245842406,6,2,2,1.0,816.317195093,113.86875,0.0
162959,245842440,2,2,2,1.0,771.44910053,120.9,0.0
162978,245842406,6,2,2,1.0,238.516840592,130.5,0.0
163012,258444068,8,3,2,0.0,753.840399472,139.2,0.0
163085,256589690,1,3,2,1.0,807.785381714,147.9,0.0
163125,245842578,7,2,2,1.0,723.638818108,108.52,0.0
163189,257168296,4,3,2,1.0,360.152430331,166.94,0.0
163205,245842684,4,2,2,1.0,930.378921992,107.9,0.0
163208,258462544,5,3,2,0.0,219.987094806,108.075,0.0
163305,245842332,3,2,2,1.0,792.858133111,108.25,0.0
163384,245842600,6,2,2,1.0,529.7954726309999,108.425,0.0
163412,240761952,1,1,1,1.0,275.019602967,99.0,1.0
163418,256587172,4,3,2,1.0,318.814895867,202.12,0.0
163446,245842684,4,2,2,1.0,311.21526777400004,183.51,0.0
163450,257166290,10,3,2,1.0,557.842580558,164.9,0.0
163474,257171354,4,3,2,0.0,395.381646177,49.28,1.0
163482,245842332,3,2,2,1.0,274.82843508400003,120.122222222,0.0
163483,257168296,4,3,2,1.0,594.76299094,193.9,0.0
163514,245842600,6,2,2,1.0,881.6358294360001,115.704285714,0.0
163520,245842578,7,2,2,1.0,618.67907178,104.977142857,0.0
163548,258464060,5,3,2,1.0,245.84340223599997,94.25,0.0
163615,256589690,1,3,2,1.0,79.1806287,147.9,0.0
163629,256587172,4,3,2,1.0,524.34859769,184.13,0.0
163640,258444068,8,3,2,0.0,261.048175716,73.9,0.0
163645,258464026,5,3,2,0.0,34.2645123246,72.56,1.0
163713,258444036,3,3,2,1.0,182.13914725900003,132.9,0.0
163741,245842652,2,2,2,1.0,875.580274413,81.89,0.0
163830,245842364,7,2,2,1.0,800.09849218,151.2,0.0
163904,240742184,1,1,1,1.0,22.6912227481,79.9,0.0
163911,240742184,1,1,1,1.0,566.301850285,89.54,0.0
163925,245842600,6,2,2,1.0,779.82516413,113.72875,0.0
163933,245842332,3,2,2,1.0,852.354273076,120.122222222,0.0
163961,257168296,4,3,2,1.0,977.478653762,185.135681818,0.0
163965,258461424,9,3,2,1.0,400.21196613,102.475,0.0
163967,245842652,2,2,2,1.0,392.933769327,81.89,0.0
164029,256587172,4,3,2,1.0,244.220131753,188.73090909099997,0.0
164088,245842440,2,2,2,1.0,732.594342288,120.9,0.0
164120,245842652,2,2,2,1.0,229.767584167,81.89,0.0
164160,245842684,4,2,2,1.0,388.227397203,80.89500000000002,0.0
164183,240742184,1,1,1,1.0,228.863379704,79.9,0.0
164236,245842332,3,2,2,1.0,254.23005917,126.9,0.0
164252,245842578,7,2,2,1.0,348.29697907,119.016875,0.0
164316,257168296,4,3,2,1.0,323.20015106700004,175.37842105299995,0.0
164375,245842578,7,2,2,1.0,412.147698516,115.0,0.0
164404,245842684,4,2,2,1.0,947.9099998280001,105.9,0.0
164453,258463238,8,3,2,0.0,819.28436655,107.41666666666669,0.0
164469,245842578,7,2,2,1.0,634.733317129,108.93333333333334,0.0
164493,245842578,7,2,2,1.0,826.9107211119998,110.45,0.0
164508,245842364,7,2,2,1.0,18.6921854655,120.80909090899999,0.0
164564,258463024,5,3,2,0.0,617.336230905,117.89954545450001,0.0
164608,245842440,2,2,2,1.0,353.123157512,114.99,0.0
164672,245842524,3,2,2,1.0,439.650594274,117.8735714285,0.0
164690,245842440,2,2,2,1.0,814.578306248,120.757142857,0.0
164694,245842332,3,2,2,1.0,332.874178886,119.9,0.0
164700,257171354,4,3,2,0.0,610.6575211759999,114.9,0.0
164733,245842578,7,2,2,1.0,130.96997178,109.9,0.0
164764,245842440,2,2,2,1.0,194.00098231,120.9,0.0
164831,240742184,1,1,1,1.0,304.33008840400004,89.54,0.0
164843,245842684,4,2,2,1.0,45.2633320494,107.9,0.0
164861,245842684,4,2,2,1.0,30.220082456700002,107.9,0.0
164930,245842600,6,2,2,1.0,138.09183727299998,114.99,0.0
165034,245842684,4,2,2,1.0,631.10098412,112.46666666700001,0.0
165043,240742184,1,1,1,1.0,685.154075413,89.7421052632,0.0
165185,245842332,3,2,2,1.0,332.547380301,123.78888888899999,0.0
165194,245842652,2,2,2,1.0,79.13932661369998,114.99,0.0
165197,258464060,5,3,2,1.0,520.462175094,109.76,0.0
165244,245842524,3,2,2,1.0,619.764304876,119.796,0.0
165257,240742184,1,1,1,1.0,477.607884225,80.0580232558,0.0
165350,258444068,8,3,2,0.0,815.017709857,73.9,0.0
165373,256589690,1,3,2,1.0,772.223907505,153.9,0.0
165391,245842578,7,2,2,1.0,442.55777447599996,131.9,0.0
165450,245842684,4,2,2,1.0,306.338876192,109.9,0.0
165469,245842524,3,2,2,1.0,933.284026978,99.99,0.0
165506,257168296,4,3,2,1.0,484.67177137,192.47,0.0
165511,245842440,2,2,2,1.0,869.636563057,120.757142857,0.0
165529,245842406,6,2,2,1.0,191.33637128400002,157.3285714285,0.0
165547,257168296,4,3,2,1.0,685.370495135,193.9,0.0
165550,245842600,6,2,2,1.0,295.46656022,131.92000000000002,0.0
165554,258461174,5,3,2,0.0,122.19642613200001,69.94,0.0
165600,258444068,8,3,2,0.0,508.441235881,73.9,0.0
165628,240742184,1,1,1,1.0,998.1310628110001,79.56,0.0
165632,245842440,2,2,2,1.0,50.7225237694,119.9,0.0
165723,257171354,4,3,2,0.0,344.951094195,49.9,0.0
165737,245842332,3,2,2,1.0,374.47765469800004,120.566666667,0.0
165761,240742184,1,1,1,1.0,733.925464542,79.9,0.0
165910,258444068,8,3,2,0.0,943.5367022810001,73.9,0.0
166015,245842524,3,2,2,1.0,830.091228051,81.71666666665,0.0
166115,240742184,1,1,1,1.0,102.558722726,89.53333333329998,0.0
166116,245842364,7,2,2,1.0,952.830948676,121.15,0.0
166135,257170596,4,3,2,0.0,960.745839681,139.9,0.0
166159,258464060,5,3,2,1.0,392.51979843199996,89.15,0.0
166189,245842652,2,2,2,1.0,922.46118325,116.808181818,0.0
166197,245842684,4,2,2,1.0,247.396177717,85.30609090899999,0.0
166200,257171354,4,3,2,0.0,130.195422113,53.804,0.0
166204,245842406,6,2,2,1.0,390.52446743,66.92428723405,0.0
166213,240742184,1,1,1,1.0,623.1117045569999,80.04457446810001,0.0
166330,245842600,6,2,2,1.0,339.388439116,82.47313673342502,0.0
166355,258463024,5,3,2,0.0,509.625142884,84.90169899875,0.0
166366,258464060,5,3,2,1.0,424.470200793,87.33026126407499,0.0
166372,240742184,1,1,1,1.0,56.404398793599995,89.7588235294,0.0
166374,245842684,4,2,2,1.0,285.562365781,107.9,0.0
166438,258461174,5,3,2,0.0,565.165998818,108.4908333335,0.0
166466,245842600,6,2,2,1.0,194.636566293,109.08166666700001,0.0
166487,258463238,8,3,2,0.0,844.580564116,124.4908333335,0.0
166532,245842684,4,2,2,1.0,760.384165599,139.9,0.0
166533,256587172,4,3,2,1.0,417.416217029,184.13,0.0
166561,258461056,9,3,2,1.0,889.906385645,119.9,0.0
166565,258461088,9,3,2,0.0,992.976119944,120.06666666666668,0.0
166571,240761952,1,1,1,1.0,11.297850496099999,120.23333333333332,0.0
166572,245842440,2,2,2,1.0,363.62560718699996,120.4,0.0
166734,240742184,1,1,1,1.0,789.0244501130002,89.5421052632,0.0
166744,257168296,4,3,2,1.0,71.0734272805,193.9,0.0
166821,245842440,2,2,2,1.0,745.1130244139999,120.9,0.0
166823,256589690,1,3,2,1.0,818.228406242,147.9,0.0
166850,257168296,4,3,2,1.0,539.354077625,186.75870370400003,0.0
166866,245842524,3,2,2,1.0,775.225358853,109.99,0.0
166916,257171354,4,3,2,0.0,741.0063343889999,53.804,0.0
166991,256587172,4,3,2,1.0,290.680979154,184.13,0.0
167063,245842406,6,2,2,1.0,320.07545950599996,135.33333333299998,0.0
167147,257168296,4,3,2,1.0,552.849789935,169.777894737,0.0
167205,245842684,4,2,2,1.0,467.976481954,107.9,0.0
167226,245842652,2,2,2,1.0,280.757575932,114.99,0.0
167235,240742184,1,1,1,1.0,858.833718474,89.54,0.0
167245,245842684,4,2,2,1.0,974.980815154,105.9,0.0
167253,245842600,6,2,2,1.0,282.461749388,111.884444444,0.0
167288,245842364,7,2,2,1.0,937.374097144,132.42,0.0
167377,245842440,2,2,2,1.0,205.68912624700002,120.15,0.0
167431,240742184,1,1,1,1.0,427.017747405,79.9,0.0
167449,258462544,5,3,2,0.0,825.04990733,49.28,0.0
167451,240742184,1,1,1,1.0,94.6283724142,89.54,0.0
167509,258461174,5,3,2,0.0,734.0168951989999,60.66,0.0
167531,258464464,8,3,2,1.0,288.863439243,70.28,0.0
167579,240742184,1,1,1,1.0,118.79010282700001,79.9,0.0
167611,245842524,3,2,2,1.0,85.5917999404,136.9,0.0
167649,257168296,4,3,2,1.0,241.907121218,193.9,0.0
167699,245842440,2,2,2,1.0,686.470446394,120.9,0.0
167720,257256342,4,3,2,1.0,759.362469948,119.9,0.0
167764,257256342,4,3,2,1.0,657.779344098,119.9,0.0
167868,245842332,3,2,2,1.0,348.36828653199996,126.03043478299999,0.0
167881,257168296,4,3,2,1.0,412.20754943800006,185.385,0.0
167891,245842600,6,2,2,1.0,82.41103932829998,99.9,0.0
167922,245842364,7,2,2,1.0,689.592951924,132.42,0.0
167941,257168296,4,3,2,1.0,779.665449772,193.9,1.0
168117,257168296,4,3,2,1.0,964.658934647,169.390909091,0.0
168130,245842578,7,2,2,1.0,744.866112047,110.45,0.0
168144,257168296,4,3,2,1.0,824.973551338,170.111764706,0.0
168163,256587172,4,3,2,1.0,280.973832061,184.13,0.0
168168,245842684,4,2,2,1.0,964.5922950239999,106.93125,0.0
168198,240742184,1,1,1,1.0,913.2477553169999,79.9,0.0
168245,245842600,6,2,2,1.0,427.058308826,114.99,0.0
168264,257166290,10,3,2,1.0,721.166889275,116.848888889,0.0
168313,258463238,8,3,2,0.0,728.179086347,118.707777778,0.0
168321,245842332,3,2,2,1.0,369.37116378699994,120.566666667,0.0
168330,245842600,6,2,2,1.0,751.371736158,114.99,0.0
168358,240742184,1,1,1,1.0,146.515217208,89.9,0.0
168359,245842440,2,2,2,1.0,904.177154287,97.9,0.0
168374,258461088,9,3,2,0.0,661.92585013,105.9,0.0
168422,258463024,5,3,2,0.0,812.2748584430002,113.9,0.0
168456,256587172,4,3,2,1.0,249.999794909,184.13,0.0
168542,257256342,4,3,2,1.0,649.708231114,184.13,0.0
168554,256587172,4,3,2,1.0,885.136027284,184.13,0.0
168597,258463238,8,3,2,0.0,361.309420076,145.015,0.0
168642,245842684,4,2,2,1.0,191.464165207,105.9,0.0
168736,240742184,1,1,1,1.0,138.638559585,79.798,0.0
168769,245842684,4,2,2,1.0,441.365852276,107.9,0.0
168783,257166290,10,3,2,1.0,307.671577196,114.4,0.0
168816,245842440,2,2,2,1.0,127.62144041799999,120.9,0.0
168930,245842332,3,2,2,1.0,63.16809350649999,115.445,0.0
168947,245842524,3,2,2,1.0,357.5384216,109.99,0.0
168968,258461350,9,3,2,0.0,136.025581144,69.94,0.0
169038,245842600,6,2,2,1.0,571.475525597,114.99,0.0
169066,258463024,5,3,2,0.0,604.2047737290001,117.945,0.0
169104,245842440,2,2,2,1.0,421.47336382599997,120.9,0.0
169181,245842684,4,2,2,1.0,65.7625448095,108.045,0.0
169182,258461056,9,3,2,1.0,583.1451390230001,95.19,0.0
169250,256587172,4,3,2,1.0,739.8028920439999,207.08,0.0
169272,240742184,1,1,1,1.0,125.49493544299999,79.9,0.0
169288,245842364,7,2,2,1.0,574.7585585209999,129.9,0.0
169318,245842578,7,2,2,1.0,674.202896219,110.45,0.0
169323,245842578,7,2,2,1.0,186.343320085,95.0985,0.0
169326,240742184,1,1,1,1.0,657.7902690430001,79.747,0.0
169344,258464026,5,3,2,0.0,144.718565679,72.56,1.0
169431,245842684,4,2,2,1.0,586.583053867,106.17777777799999,0.0
169446,245842578,7,2,2,1.0,892.401058805,110.9,0.0
169470,245842600,6,2,2,1.0,977.478653762,108.425,0.0
169499,258444068,8,3,2,0.0,359.21557388,73.9,1.0
169504,245842684,4,2,2,1.0,634.622116878,106.268421053,0.0
169505,257168296,4,3,2,1.0,722.1152851239999,193.9,0.0
169514,257168296,4,3,2,1.0,649.0419601374998,193.9,0.0
169516,245842406,6,2,2,1.0,575.968635151,150.4,0.0
169550,245842684,4,2,2,1.0,130.273431471,106.9,0.0
169572,256589690,1,3,2,1.0,457.51338333800004,147.9,0.0
169578,245842578,7,2,2,1.0,349.453980731,107.9,1.0
169611,256587172,4,3,2,1.0,470.729669232,184.13,0.0
169622,245842440,2,2,2,1.0,54.50540895100001,120.316666667,0.0
169650,245842684,4,2,2,1.0,915.5975935639999,107.9,0.0
169660,258464026,5,3,2,0.0,624.589390351,111.9,0.0
169661,240742184,1,1,1,1.0,301.913931864,115.9,0.0
169665,257256342,4,3,2,1.0,853.859637808,119.9,0.0
169698,257171354,4,3,2,0.0,620.800386366,49.9,0.0
169711,240742184,1,1,1,1.0,719.78521919,79.56,0.0
169715,256587172,4,3,2,1.0,1000.9439611,207.08,0.0
169723,258463238,8,3,2,0.0,20.9076172758,63.09,0.0
169748,245842364,7,2,2,1.0,390.752794489,151.2,0.0
169761,240742184,1,1,1,1.0,27.390117132100002,79.9,0.0
169808,257168296,4,3,2,1.0,413.580841599,166.94,0.0
169851,240742184,1,1,1,1.0,103.81353351899999,79.747,0.0
169904,245842684,4,2,2,1.0,206.23264370400003,106.93125,0.0
169957,240742184,1,1,1,1.0,103.923154296,89.54,0.0
169961,258462544,5,3,2,0.0,892.880622592,56.82,0.0
170001,257171354,4,3,2,0.0,714.827996357,53.804,0.0
170087,245842406,6,2,2,1.0,230.274754403,130.5,0.0
170121,245842600,6,2,2,1.0,704.7336319919998,119.99,0.0
170239,258444068,8,3,2,0.0,172.557683035,73.9,0.0
170279,245842684,4,2,2,1.0,83.991085429,91.9,0.0
170310,245842578,7,2,2,1.0,810.091858154,109.9,0.0
170373,257168296,4,3,2,1.0,15.894632363800001,192.47,1.0
170461,245842332,3,2,2,1.0,223.824861586,120.185714286,0.0
170518,258464464,8,3,2,1.0,409.49425714800003,154.45831168849998,0.0
170547,256587172,4,3,2,1.0,896.2016062380002,188.73090909099997,0.0
170602,256589690,1,3,2,1.0,737.449023663,145.9,0.0
170705,245842684,4,2,2,1.0,450.74107292800005,107.9,0.0
170816,256589690,1,3,2,1.0,770.071452694,153.9,0.0
170822,245842600,6,2,2,1.0,992.997524882,114.99,0.0
170889,240742184,1,1,1,1.0,619.439217725,89.54,0.0
170904,245842332,3,2,2,1.0,477.943407813,126.9,1.0
170926,257256342,4,3,2,1.0,67.9788440996,119.9,0.0
170937,240742184,1,1,1,1.0,356.27692080800006,79.798,0.0
170971,256587172,4,3,2,1.0,696.1303072789999,184.13,0.0
171038,258464060,5,3,2,1.0,297.320052285,94.25,0.0
171050,240742184,1,1,1,1.0,711.8886707539999,89.5,0.0
171063,245842332,3,2,2,1.0,715.53598707,120.3,0.0
171070,245842600,6,2,2,1.0,22.4293814768,114.99,1.0
171082,258464060,5,3,2,1.0,30.1305974146,94.25,0.0
171095,256587172,4,3,2,1.0,683.010813493,207.08,0.0
171182,256587172,4,3,2,1.0,410.25502389699994,184.13,0.0
171204,245842684,4,2,2,1.0,608.338301246,105.9,0.0
171217,256587172,4,3,2,1.0,78.3568649326,207.08,0.0
171269,245842524,3,2,2,1.0,528.5399390709999,193.7,0.0
171303,257171354,4,3,2,0.0,506.366652358,180.32,0.0
171316,257168296,4,3,2,1.0,524.245403261,166.94,0.0
171343,245842364,7,2,2,1.0,115.483961022,152.0,0.0
171379,257168296,4,3,2,1.0,209.85093199599999,185.135681818,0.0
171409,258463548,8,3,2,1.0,992.6252423889999,92.87,0.0
171549,245842440,2,2,2,1.0,443.58911660800004,120.4,0.0
171595,258462544,5,3,2,0.0,654.927824138,49.28,0.0
171609,245842440,2,2,2,1.0,242.696327006,120.9,0.0
171625,245842578,7,2,2,1.0,700.48123637,133.0,0.0
171640,240742184,1,1,1,1.0,539.3542285990001,79.798,0.0
171702,245842364,7,2,2,1.0,425.741110791,129.9,0.0
171709,245842524,3,2,2,1.0,718.9999896910001,105.99,0.0
171740,245842524,3,2,2,1.0,32.3982023766,145.06,0.0
171767,256587172,4,3,2,1.0,81.07806214930001,184.13,0.0
171905,245842364,7,2,2,1.0,129.757921922,136.83166666665002,0.0
171923,240742184,1,1,1,1.0,429.298033449,89.53333333329998,0.0
171928,245842652,2,2,2,1.0,973.876174717,81.89,0.0
171976,258463024,5,3,2,0.0,380.174962461,109.582307692,0.0
172000,258461350,9,3,2,0.0,676.6770525000002,60.66,0.0
172110,258444068,8,3,2,0.0,484.06542002300006,73.9,0.0
172122,240742184,1,1,1,1.0,566.746740056,89.5,0.0
172320,258463548,8,3,2,1.0,683.010813493,105.2,0.0
172379,245842440,2,2,2,1.0,554.07184618,120.9,0.0
172389,256587172,4,3,2,1.0,959.697285815,184.13,0.0
172391,240742184,1,1,1,1.0,545.6020778430001,79.9,0.0
172409,257168296,4,3,2,1.0,618.705881719,166.94,0.0
172419,256587172,4,3,2,1.0,197.94949511,207.08,0.0
172421,245842684,4,2,2,1.0,585.960369897,106.61428571399999,0.0
172462,256587172,4,3,2,1.0,301.582329142,207.08,0.0
172519,258464060,5,3,2,1.0,200.63057497900002,195.605,0.0
172522,256587172,4,3,2,1.0,671.993748988,184.13,0.0
172623,258462544,5,3,2,0.0,574.091994899,49.28,0.0
172628,258464026,5,3,2,0.0,956.319408626,78.59,0.0
172711,245842684,4,2,2,1.0,437.467340175,107.9,0.0
172725,245842578,7,2,2,1.0,981.738585083,110.45,0.0
172742,256587172,4,3,2,1.0,883.4197018489999,184.13,0.0
172762,245842600,6,2,2,1.0,680.252627423,108.425,0.0
172811,256587172,4,3,2,1.0,144.086699431,188.73090909099997,0.0
172826,257168296,4,3,2,1.0,641.520507443,169.777894737,0.0
172851,258461056,9,3,2,1.0,945.7114278319999,100.132,0.0
172896,245842600,6,2,2,1.0,216.666555592,114.99,0.0
172903,245842524,3,2,2,1.0,541.133052166,109.99,0.0
172933,257168296,4,3,2,1.0,639.649506686,166.94,0.0
173077,257171354,4,3,2,0.0,835.942366135,49.28,0.0
173095,240742184,1,1,1,1.0,608.526187887,80.0742307692,0.0
173127,256587172,4,3,2,1.0,549.902514557,184.13,0.0
173218,245842406,6,2,2,1.0,406.03554156900003,135.33333333299998,0.0
173226,245842652,2,2,2,1.0,229.564607785,99.2116666665,0.0
173231,258463238,8,3,2,0.0,875.482454969,63.09,0.0
173273,257168296,4,3,2,1.0,406.9491963,166.94,0.0
173276,258464026,5,3,2,0.0,698.253266642,72.56,0.0
173332,258463024,5,3,2,0.0,800.0576470189999,119.75,0.0
173336,257168296,4,3,2,1.0,985.458726896,166.94,0.0
173371,245842684,4,2,2,1.0,894.791421988,107.9,0.0
173581,257168296,4,3,2,1.0,952.830948676,193.9,0.0
173582,245842406,6,2,2,1.0,132.931747073,150.25714285700002,0.0
173588,245842684,4,2,2,1.0,858.7895138189999,106.61428571399999,0.0
173603,258461174,5,3,2,0.0,759.272640487,60.66,1.0
173645,245842578,7,2,2,1.0,356.837046686,110.45,0.0
173714,240742184,1,1,1,1.0,74.4573188565,89.5,0.0
173725,258461056,9,3,2,1.0,956.319408626,84.7,0.0
173759,240742184,1,1,1,1.0,749.4535537039999,79.9,0.0
173787,245842440,2,2,2,1.0,396.57744316,120.9,0.0
173808,257168296,4,3,2,1.0,920.45762384,192.47,0.0
173863,245842652,2,2,2,1.0,421.47336382599997,151.185,0.0
173884,245842578,7,2,2,1.0,862.787051227,109.9,0.0
173984,258444068,8,3,2,0.0,604.463705005,73.9,1.0
174008,256587172,4,3,2,1.0,151.804585189,184.13,0.0
174033,245842440,2,2,2,1.0,968.607298965,120.9,0.0
174044,245842406,6,2,2,1.0,978.725609671,105.4,0.0
174059,240742184,1,1,1,1.0,836.976270461,89.9,0.0
174091,245842684,4,2,2,1.0,572.70755164,106.93125,0.0
174156,257166290,10,3,2,1.0,962.791820012,164.9,0.0
174273,245842332,3,2,2,1.0,236.778451913,137.9,0.0
174275,245842684,4,2,2,1.0,219.300855299,110.9,0.0
174302,245842440,2,2,2,1.0,879.053554005,120.9,0.0
174343,240742184,1,1,1,1.0,996.752562566,89.5,1.0
174363,245842684,4,2,2,1.0,313.278413809,110.9,0.0
174387,240742184,1,1,1,1.0,443.49244451,89.9,0.0
174388,240742184,1,1,1,1.0,980.571333949,89.5324324324,0.0
174462,245842684,4,2,2,1.0,241.236380331,109.9,0.0
174503,258463238,8,3,2,0.0,645.449567944,94.9,0.0
174520,240742184,1,1,1,1.0,634.0440594830001,79.9,0.0
174600,245842600,6,2,2,1.0,729.0935380589999,95.8845833335,0.0
174723,245842600,6,2,2,1.0,662.595865702,111.869166667,0.0
174806,257168296,4,3,2,1.0,62.2618808384,166.94,0.0
174830,245842652,2,2,2,1.0,488.724201234,119.99,0.0
174957,240742184,1,1,1,1.0,677.733527233,80.29,0.0
175064,258444068,8,3,2,0.0,291.206425088,73.9,0.0
175179,245842440,2,2,2,1.0,428.10067753,120.757142857,0.0
175253,245842524,3,2,2,1.0,652.325200739,105.99,0.0
175258,258444068,8,3,2,0.0,341.971122707,73.9,0.0
175301,257168296,4,3,2,1.0,789.599125107,185.135681818,0.0
175322,257168296,4,3,2,1.0,874.3662822839999,193.9,0.0
175326,245842652,2,2,2,1.0,881.6358294360001,114.99,0.0
175329,258444154,3,3,2,1.0,917.11535705,149.9,1.0
175341,245842652,2,2,2,1.0,287.27463740900004,130.175,0.0
175356,245842578,7,2,2,1.0,381.72446896300005,110.45,0.0
175379,245842652,2,2,2,1.0,592.200223204,114.99,0.0
175387,258463024,5,3,2,0.0,563.96195014,116.72190476200001,0.0
175401,245842440,2,2,2,1.0,799.2950612110001,118.453809524,0.0
175418,245842332,3,2,2,1.0,399.23784732800004,120.185714286,0.0
175435,257168296,4,3,2,1.0,74.0466594103,174.065,0.0
175437,258461174,5,3,2,0.0,475.50694550300005,60.66,0.0
175479,245842440,2,2,2,1.0,162.935331855,120.9,0.0
175504,245842524,3,2,2,1.0,92.31292672,133.0,0.0
175516,245842684,4,2,2,1.0,273.244842509,108.5,0.0
175526,245842440,2,2,2,1.0,135.91508472299998,120.15,0.0
175561,245842364,7,2,2,1.0,599.4497374030001,138.304347826,0.0
175599,240742184,1,1,1,1.0,246.556898002,89.5,0.0
175612,256589690,1,3,2,1.0,503.784963474,104.7,0.0
175659,245842364,7,2,2,1.0,569.122568108,119.9,0.0
175673,245842524,3,2,2,1.0,930.378921992,113.9,0.0
175691,245842578,7,2,2,1.0,556.2836611,107.9,0.0
175754,256589690,1,3,2,1.0,801.916386543,147.9,0.0
175772,245842332,3,2,2,1.0,352.354215046,123.584210526,0.0
175778,258444068,8,3,2,0.0,698.8693829919998,73.9,0.0
175879,245842524,3,2,2,1.0,141.055919418,119.4,0.0
175923,257166290,10,3,2,1.0,152.834356805,164.9,0.0
176045,245842440,2,2,2,1.0,75.6466975766,120.4,0.0
176066,245842440,2,2,2,1.0,586.841069798,120.9,0.0
176085,240742184,1,1,1,1.0,588.023788663,89.68775510200001,0.0
176201,256587172,4,3,2,1.0,434.20455392900004,188.73090909099997,0.0
176220,245842684,4,2,2,1.0,7.0451544197399985,107.9,0.0
176266,240761952,1,1,1,1.0,64.3951508088,90.9,0.0
176271,258444068,8,3,2,0.0,892.571755665,73.9,0.0
176366,245842600,6,2,2,1.0,921.9761356710001,110.736,0.0
176413,256589690,1,3,2,1.0,761.7391587289999,147.9,0.0
176425,245842684,4,2,2,1.0,732.30374453,115.3,0.0
176464,245842578,7,2,2,1.0,248.84475945900002,103.99,1.0
176497,245842600,6,2,2,1.0,174.53708316700005,108.93,1.0
176585,245842440,2,2,2,1.0,490.57255103,119.9,0.0
176631,245842364,7,2,2,1.0,564.9622930109999,129.9,0.0
176716,245842440,2,2,2,1.0,758.572810343,120.9,0.0
176749,258444068,8,3,2,0.0,11.4031405316,73.9,0.0
176764,245842684,4,2,2,1.0,493.446577494,106.93125,0.0
176766,245842578,7,2,2,1.0,716.365691062,109.9,0.0
176901,258463024,5,3,2,0.0,382.62027800199996,113.45555555566669,0.0
176902,245842332,3,2,2,1.0,173.864786171,117.01111111133335,0.0
176984,245842332,3,2,2,1.0,216.92848347900002,120.566666667,0.0
177023,245842652,2,2,2,1.0,5.57030267744,98.44,0.0
177082,256589690,1,3,2,1.0,298.274719084,126.17,0.0
177156,256589690,1,3,2,1.0,894.12049712,153.9,0.0
177182,245842684,4,2,2,1.0,885.0578116969998,108.5,0.0
177205,256589690,1,3,2,1.0,627.21544209,147.9,0.0
177212,258461174,5,3,2,0.0,806.9408919210001,128.15,0.0
177274,258464060,5,3,2,1.0,899.6168766569998,108.4,0.0
177275,240742184,1,1,1,1.0,298.274719084,89.5,0.0
177294,245842684,4,2,2,1.0,879.6767720889999,86.266,0.0
177297,258463024,5,3,2,0.0,240.234640926,83.03200000000001,0.0
177330,240742184,1,1,1,1.0,232.414117498,79.798,0.0
177339,258462544,5,3,2,0.0,297.9591025595,84.84899999999999,0.0
177378,240742184,1,1,1,1.0,363.504087621,89.9,0.0
177409,245842332,3,2,2,1.0,963.7914569239999,120.185714286,0.0
177427,258464060,5,3,2,1.0,911.5337467639999,94.25,0.0
177468,240761952,1,1,1,1.0,134.672659374,150.66500000000005,0.0
177471,256587172,4,3,2,1.0,875.4556156919998,207.08,0.0
177534,258461350,9,3,2,0.0,306.925860457,178.02,0.0
177551,258462544,5,3,2,0.0,88.1042264124,148.96,0.0
177562,257256342,4,3,2,1.0,552.849789935,119.9,1.0
177576,256587172,4,3,2,1.0,423.37841580599996,184.13,0.0
177591,258444068,8,3,2,0.0,462.68272403599997,73.9,0.0
177622,258461350,9,3,2,0.0,912.9384932219999,60.66,0.0
177623,245842524,3,2,2,1.0,433.46051499199996,109.99,0.0
177656,258461174,5,3,2,0.0,696.048922415,60.66,0.0
177695,245842684,4,2,2,1.0,710.3821711675,106.2125,0.0
177701,240742184,1,1,1,1.0,724.71541992,89.5324324324,0.0
177711,258464464,8,3,2,1.0,537.55943778,104.76121621620001,0.0
177719,245842652,2,2,2,1.0,350.40345564,119.99,0.0
177790,245842600,6,2,2,1.0,622.242195789,110.94846153799999,0.0
177811,258444154,3,3,2,1.0,188.478342735,110.696730769,0.0
177868,245842578,7,2,2,1.0,454.497992315,110.445,0.0
177903,257168296,4,3,2,1.0,979.374862369,179.9,1.0
177940,245842652,2,2,2,1.0,374.367159256,99.03333333329999,0.0
178009,245842684,4,2,2,1.0,731.2117607560001,107.9,1.0
178030,245842440,2,2,2,1.0,316.329023942,120.9,0.0
178032,256587172,4,3,2,1.0,412.20754943800006,188.73090909099997,0.0
178040,256587172,4,3,2,1.0,164.134287299,207.08,0.0
178062,245842578,7,2,2,1.0,384.54333179599996,140.49,0.0
178128,258444068,8,3,2,0.0,445.35706248900004,73.9,0.0
178143,245842684,4,2,2,1.0,409.40588116099997,107.9,0.0
178167,245842364,7,2,2,1.0,230.761092846,123.23333333299999,0.0
178186,240742184,1,1,1,1.0,698.8693829919998,89.5,1.0
178252,256587172,4,3,2,1.0,675.424145929,184.13,0.0
178292,245842332,3,2,2,1.0,635.721992815,124.9,0.0
178299,245842440,2,2,2,1.0,915.5975935639999,120.4,0.0
178300,245842440,2,2,2,1.0,501.061618184,113.707272727,0.0
178315,240742184,1,1,1,1.0,120.765206031,79.9,0.0
178369,240761952,1,1,1,1.0,186.133408323,94.9,0.0
178424,245842578,7,2,2,1.0,663.163909872,109.9,0.0
178432,240742184,1,1,1,1.0,46.4916548539,79.9,1.0
178462,245842600,6,2,2,1.0,698.8693829919998,111.899411765,0.0
178567,245842652,2,2,2,1.0,742.9700158830002,116.10111111100001,0.0
178596,258444068,8,3,2,0.0,886.116447598,73.9,0.0
178708,258464060,5,3,2,1.0,916.1303720880001,114.99,0.0
178739,245842684,4,2,2,1.0,698.4061550560001,117.445,0.0
178809,245842440,2,2,2,1.0,606.071106637,119.9,0.0
178836,240742184,1,1,1,1.0,926.441497678,89.5324324324,0.0
178859,245842364,7,2,2,1.0,99.02407567879999,123.23333333299999,0.0
178870,258464060,5,3,2,1.0,200.20160631,94.25,1.0
178884,245842524,3,2,2,1.0,741.4911620639999,105.99,0.0
178903,240742184,1,1,1,1.0,714.072520835,79.798,0.0
178963,240742184,1,1,1,1.0,604.98446225,79.798,0.0
178973,245842440,2,2,2,1.0,223.082539427,120.316666667,0.0
179039,258461350,9,3,2,0.0,523.9657446680001,69.94,0.0
179070,245842440,2,2,2,1.0,937.664337551,120.9,0.0
179136,245842652,2,2,2,1.0,274.82843508400003,100.387241379,0.0
179172,245842652,2,2,2,1.0,316.853458527,116.65666666700001,0.0
179187,240742184,1,1,1,1.0,680.7926569269999,89.7588235294,0.0
179218,240742184,1,1,1,1.0,693.981766305,79.747,0.0
179219,258463238,8,3,2,0.0,197.841419618,74.8435,0.0
179323,258461174,5,3,2,0.0,6.987803828060001,69.94,0.0
179385,245842684,4,2,2,1.0,643.179249205,107.9,0.0
179387,240742184,1,1,1,1.0,880.354429913,89.6,0.0
179390,245842600,6,2,2,1.0,859.226997324,113.72875,0.0
179413,245842440,2,2,2,1.0,786.225221493,120.757142857,0.0
179433,258444068,8,3,2,0.0,9.95050838315,73.9,0.0
179488,240761952,1,1,1,1.0,860.0488985530002,81.7,0.0
179544,240742184,1,1,1,1.0,552.748080089,89.5,0.0
179566,256587172,4,3,2,1.0,920.801051893,188.73090909099997,0.0
179607,257170596,4,3,2,0.0,144.086699431,139.9,0.0
179620,245842684,4,2,2,1.0,760.65386959,107.9,0.0
179631,245842652,2,2,2,1.0,723.090001853,116.65666666700001,0.0
179688,257168296,4,3,2,1.0,653.6048860905,175.37842105299995,0.0
179761,245842440,2,2,2,1.0,584.1197703280001,120.4,0.0
179773,245842684,4,2,2,1.0,504.236014346,149.29333333333338,0.0
179894,245842364,7,2,2,1.0,663.89377044,178.18666666666667,0.0
179926,256587172,4,3,2,1.0,520.33852562,207.08,0.0
179954,245842684,4,2,2,1.0,609.102885895,106.93125,0.0
179962,258461174,5,3,2,0.0,637.746821241,69.94,0.0
180027,256587172,4,3,2,1.0,574.054813891,184.13,0.0
180052,240742184,1,1,1,1.0,509.625142884,89.5,1.0
180054,240742184,1,1,1,1.0,474.21598430000006,79.747,0.0
180080,245842684,4,2,2,1.0,189.32965035700002,139.9,0.0
180090,256587172,4,3,2,1.0,1.08783349514,184.13,0.0
180122,257256342,4,3,2,1.0,612.514934839,145.372142857,0.0
180142,245842684,4,2,2,1.0,84.9060799206,106.61428571399999,0.0
180173,258464026,5,3,2,0.0,90.1389184676,106.772767857,0.0
180184,245842684,4,2,2,1.0,185.22256211200002,106.93125,0.0
180233,245842684,4,2,2,1.0,750.442528698,106.9,0.0
180254,245842440,2,2,2,1.0,416.433563079,119.9,0.0
180255,245842364,7,2,2,1.0,921.7787775439999,123.23333333299999,0.0
