,ITEM_ID,ALTURA,COMPOSICAO,COR,LARGURA,MARCA,PROFUNDIDADE,TEM_TAMPA,ITEM_PRICE,INTERESTED
432,241439984,30.5,INOX,INOX,26.0,EURO HOME,18.0,0.0,39.99,0.0
1010,263055502,32.0,ALUMINIO,LARANJA,38.0,EURO HOME,14.5,0.0,39.99,0.0
1027,241439984,30.5,INOX,INOX,26.0,EURO HOME,18.0,0.0,39.99,0.0
1313,241439984,30.5,INOX,INOX,26.0,EURO HOME,18.0,0.0,55.9,1.0
1374,263050084,32.5,ALUMINIO,VERMELHO,38.0,EURO HOME,14.5,0.0,55.9,0.0
1556,263050810,32.5,ALUMINIO,PRETO,38.0,EURO HOME,14.5,0.0,55.9,0.0
1673,241439984,30.5,INOX,INOX,26.0,EURO HOME,18.0,0.0,55.9,0.0
1848,241439984,30.5,INOX,INOX,26.0,EURO HOME,18.0,0.0,55.445,0.0
1982,263055502,32.0,ALUMINIO,LARANJA,38.0,EURO HOME,14.5,0.0,54.99,0.0
2006,229575102,11.0,INOX,PRATA,9.0,BIALETTI,12.5,0.0,55.445,0.0
2025,241439984,30.5,INOX,INOX,26.0,EURO HOME,18.0,0.0,55.9,1.0
2292,229575102,11.0,INOX,PRATA,9.0,BIALETTI,12.5,0.0,59.7,0.0
2403,229575102,11.0,INOX,PRATA,9.0,BIALETTI,12.5,0.0,57.8,0.0
2563,241439984,30.5,INOX,INOX,26.0,EURO HOME,18.0,0.0,55.9,1.0
2576,263055822,32.0,ALUMINIO,VERMELHO,38.0,EURO HOME,14.5,0.0,54.99,0.0
3452,241439984,30.5,INOX,INOX,26.0,EURO HOME,18.0,0.0,55.9,0.0
3590,241439984,30.5,INOX,INOX,26.0,EURO HOME,18.0,0.0,55.9,0.0
3703,263055822,32.0,ALUMINIO,VERMELHO,38.0,EURO HOME,14.5,0.0,49.3361538462,0.0
4321,241439984,30.5,INOX,INOX,26.0,EURO HOME,18.0,0.0,55.9,0.0
4847,263055822,32.0,ALUMINIO,VERMELHO,38.0,EURO HOME,14.5,0.0,54.99,1.0
4989,241439984,30.5,INOX,INOX,26.0,EURO HOME,18.0,0.0,55.9,0.0
5209,241439984,30.5,INOX,INOX,26.0,EURO HOME,18.0,0.0,55.9,0.0
5280,241439984,30.5,INOX,INOX,26.0,EURO HOME,18.0,0.0,55.9,0.0
5323,241439984,30.5,INOX,INOX,26.0,EURO HOME,18.0,0.0,55.9,0.0
5516,241439984,30.5,INOX,INOX,26.0,EURO HOME,18.0,0.0,55.9,0.0
5654,263055502,32.0,ALUMINIO,LARANJA,38.0,EURO HOME,14.5,0.0,54.99,0.0
5836,241439984,30.5,INOX,INOX,26.0,EURO HOME,18.0,0.0,55.9,0.0
6140,241439984,30.5,INOX,INOX,26.0,EURO HOME,18.0,0.0,55.9,0.0
6237,241439984,30.5,INOX,INOX,26.0,EURO HOME,18.0,0.0,55.9,1.0
6370,241439984,30.5,INOX,INOX,26.0,EURO HOME,18.0,0.0,55.9,0.0
6462,229575102,11.0,INOX,PRATA,9.0,BIALETTI,12.5,0.0,59.7,0.0
6795,263055502,32.0,ALUMINIO,LARANJA,38.0,EURO HOME,14.5,0.0,49.0,0.0
7006,241439984,30.5,INOX,INOX,26.0,EURO HOME,18.0,0.0,55.9,0.0
7017,229575102,11.0,INOX,PRATA,9.0,BIALETTI,12.5,0.0,55.9,0.0
7038,241439984,30.5,INOX,INOX,26.0,EURO HOME,18.0,0.0,55.9,0.0
7105,263055502,32.0,ALUMINIO,LARANJA,38.0,EURO HOME,14.5,0.0,49.0,0.0
7237,229575102,11.0,INOX,PRATA,9.0,BIALETTI,12.5,0.0,59.7,1.0
7417,241439984,30.5,INOX,INOX,26.0,EURO HOME,18.0,0.0,55.9,0.0
7766,241439984,30.5,INOX,INOX,26.0,EURO HOME,18.0,0.0,55.9,0.0
8153,263055502,32.0,ALUMINIO,LARANJA,38.0,EURO HOME,14.5,0.0,49.0,0.0
8700,241439984,30.5,INOX,INOX,26.0,EURO HOME,18.0,0.0,39.99,0.0
9055,241439984,30.5,INOX,INOX,26.0,EURO HOME,18.0,0.0,55.9,0.0
9335,263050810,32.5,ALUMINIO,PRETO,38.0,EURO HOME,14.5,0.0,55.9,0.0
10216,241439984,30.5,INOX,INOX,26.0,EURO HOME,18.0,0.0,55.9,0.0
10703,241439984,30.5,INOX,INOX,26.0,EURO HOME,18.0,0.0,55.9,0.0
11641,263055502,32.0,ALUMINIO,LARANJA,38.0,EURO HOME,14.5,0.0,52.74375,0.0
11667,263055502,32.0,ALUMINIO,LARANJA,38.0,EURO HOME,14.5,0.0,52.74375,0.0
12030,241439984,30.5,INOX,INOX,26.0,EURO HOME,18.0,0.0,56.026984127,0.0
12124,263055502,32.0,ALUMINIO,LARANJA,38.0,EURO HOME,14.5,0.0,49.0,0.0
12622,241439984,30.5,INOX,INOX,26.0,EURO HOME,18.0,0.0,52.45,0.0
13233,241439984,30.5,INOX,INOX,26.0,EURO HOME,18.0,0.0,55.9,0.0
13893,229575102,11.0,INOX,PRATA,9.0,BIALETTI,12.5,0.0,57.8,0.0
14058,229575102,11.0,INOX,PRATA,9.0,BIALETTI,12.5,0.0,59.7,0.0
14217,229575102,11.0,INOX,PRATA,9.0,BIALETTI,12.5,0.0,59.7,0.0
14271,229575102,11.0,INOX,PRATA,9.0,BIALETTI,12.5,0.0,64.7255,0.0
14603,229575102,11.0,INOX,PRATA,9.0,BIALETTI,12.5,0.0,56.86275,0.0
14822,263055502,32.0,ALUMINIO,LARANJA,38.0,EURO HOME,14.5,0.0,49.0,0.0
15153,263055502,32.0,ALUMINIO,LARANJA,38.0,EURO HOME,14.5,0.0,54.99,0.0
15399,241439984,30.5,INOX,INOX,26.0,EURO HOME,18.0,0.0,55.9,1.0
16088,263055822,32.0,ALUMINIO,VERMELHO,38.0,EURO HOME,14.5,0.0,52.6566666667,0.0
16254,241439984,30.5,INOX,INOX,26.0,EURO HOME,18.0,0.0,55.9,0.0
16354,241439984,30.5,INOX,INOX,26.0,EURO HOME,18.0,0.0,39.99,0.0
16512,229575102,11.0,INOX,PRATA,9.0,BIALETTI,12.5,0.0,59.7,0.0
16777,263050810,32.5,ALUMINIO,PRETO,38.0,EURO HOME,14.5,0.0,59.7,0.0
17117,229575102,11.0,INOX,PRATA,9.0,BIALETTI,12.5,0.0,59.7,0.0
17168,263055502,32.0,ALUMINIO,LARANJA,38.0,EURO HOME,14.5,0.0,52.74375,0.0
17434,241439984,30.5,INOX,INOX,26.0,EURO HOME,18.0,0.0,55.9,0.0
17446,263055502,32.0,ALUMINIO,LARANJA,38.0,EURO HOME,14.5,0.0,54.99,0.0
17743,241439984,30.5,INOX,INOX,26.0,EURO HOME,18.0,0.0,55.9,0.0
18153,229575102,11.0,INOX,PRATA,9.0,BIALETTI,12.5,0.0,59.7,0.0
18341,241439984,30.5,INOX,INOX,26.0,EURO HOME,18.0,0.0,55.9,1.0
18980,263055502,32.0,ALUMINIO,LARANJA,38.0,EURO HOME,14.5,0.0,52.74375,0.0
19609,241439984,30.5,INOX,INOX,26.0,EURO HOME,18.0,0.0,55.9,0.0
19935,241439984,30.5,INOX,INOX,26.0,EURO HOME,18.0,0.0,55.9,0.0
19990,263055502,32.0,ALUMINIO,LARANJA,38.0,EURO HOME,14.5,0.0,49.0,1.0
20357,241439984,30.5,INOX,INOX,26.0,EURO HOME,18.0,0.0,55.9,0.0
20368,263050084,32.5,ALUMINIO,VERMELHO,38.0,EURO HOME,14.5,0.0,44.99,0.0
21429,241439984,30.5,INOX,INOX,26.0,EURO HOME,18.0,0.0,55.9,0.0
21490,229575102,11.0,INOX,PRATA,9.0,BIALETTI,12.5,0.0,59.7,0.0
21694,263055502,32.0,ALUMINIO,LARANJA,38.0,EURO HOME,14.5,0.0,52.74375,0.0
21981,241439984,30.5,INOX,INOX,26.0,EURO HOME,18.0,0.0,55.9,0.0
22052,241439984,30.5,INOX,INOX,26.0,EURO HOME,18.0,0.0,55.9,1.0
22547,263050810,32.5,ALUMINIO,PRETO,38.0,EURO HOME,14.5,0.0,44.99,0.0
22620,241439984,30.5,INOX,INOX,26.0,EURO HOME,18.0,0.0,55.9,0.0
23428,241439984,30.5,INOX,INOX,26.0,EURO HOME,18.0,0.0,55.9,0.0
23880,241439984,30.5,INOX,INOX,26.0,EURO HOME,18.0,0.0,56.026984127,0.0
23917,229575102,11.0,INOX,PRATA,9.0,BIALETTI,12.5,0.0,59.7,0.0
23946,241439984,30.5,INOX,INOX,26.0,EURO HOME,18.0,0.0,55.9,0.0
24304,241439984,30.5,INOX,INOX,26.0,EURO HOME,18.0,0.0,55.9,0.0
24326,263050084,32.5,ALUMINIO,VERMELHO,38.0,EURO HOME,14.5,0.0,44.99,0.0
24940,263055502,32.0,ALUMINIO,LARANJA,38.0,EURO HOME,14.5,0.0,52.74375,0.0
24975,263055502,32.0,ALUMINIO,LARANJA,38.0,EURO HOME,14.5,0.0,49.0,0.0
25380,241439984,30.5,INOX,INOX,26.0,EURO HOME,18.0,0.0,55.9,0.0
25383,241439984,30.5,INOX,INOX,26.0,EURO HOME,18.0,0.0,55.9571428571,0.0
25543,263055502,32.0,ALUMINIO,LARANJA,38.0,EURO HOME,14.5,0.0,54.99,1.0
25996,263055502,32.0,ALUMINIO,LARANJA,38.0,EURO HOME,14.5,0.0,51.49,0.0
26467,241439984,30.5,INOX,INOX,26.0,EURO HOME,18.0,0.0,55.9,0.0
26886,241439984,30.5,INOX,INOX,26.0,EURO HOME,18.0,0.0,55.9,0.0
28124,263050084,32.5,ALUMINIO,VERMELHO,38.0,EURO HOME,14.5,0.0,44.99,0.0
28133,241439984,30.5,INOX,INOX,26.0,EURO HOME,18.0,0.0,55.9,0.0
28361,241439984,30.5,INOX,INOX,26.0,EURO HOME,18.0,0.0,55.9,0.0
29337,241439984,30.5,INOX,INOX,26.0,EURO HOME,18.0,0.0,55.9,0.0
29475,241439984,30.5,INOX,INOX,26.0,EURO HOME,18.0,0.0,39.99,0.0
29650,263055502,32.0,ALUMINIO,LARANJA,38.0,EURO HOME,14.5,0.0,51.995,1.0
29967,241439984,30.5,INOX,INOX,26.0,EURO HOME,18.0,0.0,53.9475,0.0
30036,241439984,30.5,INOX,INOX,26.0,EURO HOME,18.0,0.0,55.9,0.0
30174,241439984,30.5,INOX,INOX,26.0,EURO HOME,18.0,0.0,55.9,0.0
30371,263055822,32.0,ALUMINIO,VERMELHO,38.0,EURO HOME,14.5,0.0,49.3361538462,0.0
31229,241439984,30.5,INOX,INOX,26.0,EURO HOME,18.0,0.0,55.9,0.0
31690,229575102,11.0,INOX,PRATA,9.0,BIALETTI,12.5,0.0,59.7,0.0
32017,263050084,32.5,ALUMINIO,VERMELHO,38.0,EURO HOME,14.5,0.0,44.99,0.0
32370,263050810,32.5,ALUMINIO,PRETO,38.0,EURO HOME,14.5,0.0,49.99,0.0
32738,263055502,32.0,ALUMINIO,LARANJA,38.0,EURO HOME,14.5,0.0,54.99,1.0
32941,241439984,30.5,INOX,INOX,26.0,EURO HOME,18.0,0.0,55.9,0.0
33224,241439984,30.5,INOX,INOX,26.0,EURO HOME,18.0,0.0,55.9,0.0
33647,241439984,30.5,INOX,INOX,26.0,EURO HOME,18.0,0.0,55.9,0.0
33662,241439984,30.5,INOX,INOX,26.0,EURO HOME,18.0,0.0,55.9,0.0
33702,241439984,30.5,INOX,INOX,26.0,EURO HOME,18.0,0.0,55.9,1.0
34645,241439984,30.5,INOX,INOX,26.0,EURO HOME,18.0,0.0,55.9,0.0
34651,241439984,30.5,INOX,INOX,26.0,EURO HOME,18.0,0.0,55.9,0.0
34731,241439984,30.5,INOX,INOX,26.0,EURO HOME,18.0,0.0,55.9,0.0
34840,229575102,11.0,INOX,PRATA,9.0,BIALETTI,12.5,0.0,59.7,0.0
34869,241439984,30.5,INOX,INOX,26.0,EURO HOME,18.0,0.0,55.9,0.0
34898,263055502,32.0,ALUMINIO,LARANJA,38.0,EURO HOME,14.5,0.0,54.99,0.0
35097,241439984,30.5,INOX,INOX,26.0,EURO HOME,18.0,0.0,39.99,0.0
35204,263050084,32.5,ALUMINIO,VERMELHO,38.0,EURO HOME,14.5,0.0,44.99,0.0
35340,263050084,32.5,ALUMINIO,VERMELHO,38.0,EURO HOME,14.5,0.0,44.99,0.0
35658,241439984,30.5,INOX,INOX,26.0,EURO HOME,18.0,0.0,55.9,0.0
35756,241439984,30.5,INOX,INOX,26.0,EURO HOME,18.0,0.0,55.9,0.0
36105,263050084,32.5,ALUMINIO,VERMELHO,38.0,EURO HOME,14.5,0.0,44.99,0.0
36466,263055502,32.0,ALUMINIO,LARANJA,38.0,EURO HOME,14.5,0.0,54.99,0.0
36713,241439984,30.5,INOX,INOX,26.0,EURO HOME,18.0,0.0,55.9,0.0
36768,229575102,11.0,INOX,PRATA,9.0,BIALETTI,12.5,0.0,55.445,0.0
37104,263055502,32.0,ALUMINIO,LARANJA,38.0,EURO HOME,14.5,0.0,54.99,1.0
37188,263055502,32.0,ALUMINIO,LARANJA,38.0,EURO HOME,14.5,0.0,54.99,0.0
37272,263050810,32.5,ALUMINIO,PRETO,38.0,EURO HOME,14.5,0.0,44.99,0.0
37700,241439984,30.5,INOX,INOX,26.0,EURO HOME,18.0,0.0,55.9,0.0
37781,241439984,30.5,INOX,INOX,26.0,EURO HOME,18.0,0.0,55.9,0.0
37801,229575102,11.0,INOX,PRATA,9.0,BIALETTI,12.5,0.0,59.7,0.0
37945,263055502,32.0,ALUMINIO,LARANJA,38.0,EURO HOME,14.5,0.0,52.74375,0.0
37979,241439984,30.5,INOX,INOX,26.0,EURO HOME,18.0,0.0,57.9,0.0
38220,229575102,11.0,INOX,PRATA,9.0,BIALETTI,12.5,0.0,56.445,0.0
38326,263055502,32.0,ALUMINIO,LARANJA,38.0,EURO HOME,14.5,0.0,54.99,0.0
38870,229575102,11.0,INOX,PRATA,9.0,BIALETTI,12.5,0.0,59.7,0.0
38951,263050810,32.5,ALUMINIO,PRETO,38.0,EURO HOME,14.5,0.0,44.99,0.0
39213,241439984,30.5,INOX,INOX,26.0,EURO HOME,18.0,0.0,55.9,0.0
39562,241439984,30.5,INOX,INOX,26.0,EURO HOME,18.0,0.0,55.9,0.0
39642,241439984,30.5,INOX,INOX,26.0,EURO HOME,18.0,0.0,55.9,0.0
39776,241439984,30.5,INOX,INOX,26.0,EURO HOME,18.0,0.0,55.9,1.0
40026,229575102,11.0,INOX,PRATA,9.0,BIALETTI,12.5,0.0,59.99,0.0
40419,241439984,30.5,INOX,INOX,26.0,EURO HOME,18.0,0.0,55.9,0.0
40959,263050084,32.5,ALUMINIO,VERMELHO,38.0,EURO HOME,14.5,0.0,44.99,0.0
40972,263055502,32.0,ALUMINIO,LARANJA,38.0,EURO HOME,14.5,0.0,52.74375,0.0
41258,263055502,32.0,ALUMINIO,LARANJA,38.0,EURO HOME,14.5,0.0,49.0,0.0
41527,241439984,30.5,INOX,INOX,26.0,EURO HOME,18.0,0.0,55.9,0.0
41904,263050084,32.5,ALUMINIO,VERMELHO,38.0,EURO HOME,14.5,0.0,44.99,0.0
42034,263055502,32.0,ALUMINIO,LARANJA,38.0,EURO HOME,14.5,0.0,54.99,0.0
42479,241439984,30.5,INOX,INOX,26.0,EURO HOME,18.0,0.0,55.9,1.0
42661,263050084,32.5,ALUMINIO,VERMELHO,38.0,EURO HOME,14.5,0.0,44.99,0.0
43151,241439984,30.5,INOX,INOX,26.0,EURO HOME,18.0,0.0,55.9,0.0
44047,229575102,11.0,INOX,PRATA,9.0,BIALETTI,12.5,0.0,59.7,0.0
44164,241439984,30.5,INOX,INOX,26.0,EURO HOME,18.0,0.0,55.9,0.0
44256,241439984,30.5,INOX,INOX,26.0,EURO HOME,18.0,0.0,55.9,0.0
44474,241439984,30.5,INOX,INOX,26.0,EURO HOME,18.0,0.0,55.9,1.0
44476,263055502,32.0,ALUMINIO,LARANJA,38.0,EURO HOME,14.5,0.0,54.99,0.0
44870,241439984,30.5,INOX,INOX,26.0,EURO HOME,18.0,0.0,55.9,0.0
45201,263055502,32.0,ALUMINIO,LARANJA,38.0,EURO HOME,14.5,0.0,52.74375,0.0
45212,263050810,32.5,ALUMINIO,PRETO,38.0,EURO HOME,14.5,0.0,44.99,1.0
45304,263050810,32.5,ALUMINIO,PRETO,38.0,EURO HOME,14.5,0.0,44.99,0.0
45427,263050810,32.5,ALUMINIO,PRETO,38.0,EURO HOME,14.5,0.0,50.445,0.0
45476,241439984,30.5,INOX,INOX,26.0,EURO HOME,18.0,0.0,55.9,1.0
45560,241439984,30.5,INOX,INOX,26.0,EURO HOME,18.0,0.0,56.20769230770001,0.0
45709,229575102,11.0,INOX,PRATA,9.0,BIALETTI,12.5,0.0,57.95384615385001,0.0
45717,229575102,11.0,INOX,PRATA,9.0,BIALETTI,12.5,0.0,59.7,0.0
46109,241439984,30.5,INOX,INOX,26.0,EURO HOME,18.0,0.0,57.9,0.0
46729,241439984,30.5,INOX,INOX,26.0,EURO HOME,18.0,0.0,55.9,0.0
46895,263055502,32.0,ALUMINIO,LARANJA,38.0,EURO HOME,14.5,0.0,54.99,0.0
46976,241439984,30.5,INOX,INOX,26.0,EURO HOME,18.0,0.0,55.9,1.0
47153,229575102,11.0,INOX,PRATA,9.0,BIALETTI,12.5,0.0,57.8,0.0
47443,229575102,11.0,INOX,PRATA,9.0,BIALETTI,12.5,0.0,59.7,0.0
47448,241439984,30.5,INOX,INOX,26.0,EURO HOME,18.0,0.0,55.9,0.0
48113,263055502,32.0,ALUMINIO,LARANJA,38.0,EURO HOME,14.5,0.0,51.995,0.0
49038,241439984,30.5,INOX,INOX,26.0,EURO HOME,18.0,0.0,56.0509433962,0.0
49237,229575102,11.0,INOX,PRATA,9.0,BIALETTI,12.5,0.0,59.7,0.0
49623,241439984,30.5,INOX,INOX,26.0,EURO HOME,18.0,0.0,55.9,0.0
49727,229575102,11.0,INOX,PRATA,9.0,BIALETTI,12.5,0.0,59.7,0.0
50201,263050084,32.5,ALUMINIO,VERMELHO,38.0,EURO HOME,14.5,0.0,44.99,0.0
50236,241439984,30.5,INOX,INOX,26.0,EURO HOME,18.0,0.0,55.9,0.0
50427,263055502,32.0,ALUMINIO,LARANJA,38.0,EURO HOME,14.5,0.0,52.74375,0.0
50446,229575102,11.0,INOX,PRATA,9.0,BIALETTI,12.5,0.0,64.7255,0.0
50451,229575102,11.0,INOX,PRATA,9.0,BIALETTI,12.5,0.0,59.7,0.0
50727,263055502,32.0,ALUMINIO,LARANJA,38.0,EURO HOME,14.5,0.0,57.8,0.0
50785,241439984,30.5,INOX,INOX,26.0,EURO HOME,18.0,0.0,55.9,0.0
51424,241439984,30.5,INOX,INOX,26.0,EURO HOME,18.0,0.0,55.9,0.0
51660,263055822,32.0,ALUMINIO,VERMELHO,38.0,EURO HOME,14.5,0.0,52.6566666667,0.0
51809,241439984,30.5,INOX,INOX,26.0,EURO HOME,18.0,0.0,55.9,0.0
51921,229575102,11.0,INOX,PRATA,9.0,BIALETTI,12.5,0.0,53.6,0.0
52144,263050084,32.5,ALUMINIO,VERMELHO,38.0,EURO HOME,14.5,0.0,51.3,0.0
52177,263055502,32.0,ALUMINIO,LARANJA,38.0,EURO HOME,14.5,0.0,49.0,0.0
52212,263055502,32.0,ALUMINIO,LARANJA,38.0,EURO HOME,14.5,0.0,52.74375,0.0
52338,241439984,30.5,INOX,INOX,26.0,EURO HOME,18.0,0.0,55.9,0.0
52756,241439984,30.5,INOX,INOX,26.0,EURO HOME,18.0,0.0,55.9,0.0
52911,263050810,32.5,ALUMINIO,PRETO,38.0,EURO HOME,14.5,0.0,44.99,0.0
53563,241439984,30.5,INOX,INOX,26.0,EURO HOME,18.0,0.0,55.9,0.0
53930,241439984,30.5,INOX,INOX,26.0,EURO HOME,18.0,0.0,55.9,0.0
54024,241439984,30.5,INOX,INOX,26.0,EURO HOME,18.0,0.0,55.9,0.0
54102,241439984,30.5,INOX,INOX,26.0,EURO HOME,18.0,0.0,55.9,0.0
55313,241439984,30.5,INOX,INOX,26.0,EURO HOME,18.0,0.0,55.9,0.0
55936,241439984,30.5,INOX,INOX,26.0,EURO HOME,18.0,0.0,52.45,0.0
56036,263055502,32.0,ALUMINIO,LARANJA,38.0,EURO HOME,14.5,0.0,49.0,0.0
56140,263055502,32.0,ALUMINIO,LARANJA,38.0,EURO HOME,14.5,0.0,54.99,1.0
56267,263055502,32.0,ALUMINIO,LARANJA,38.0,EURO HOME,14.5,0.0,54.99,0.0
56495,241439984,30.5,INOX,INOX,26.0,EURO HOME,18.0,0.0,55.9,0.0
56778,229575102,11.0,INOX,PRATA,9.0,BIALETTI,12.5,0.0,55.9,0.0
56983,241439984,30.5,INOX,INOX,26.0,EURO HOME,18.0,0.0,55.9,0.0
57004,229575102,11.0,INOX,PRATA,9.0,BIALETTI,12.5,0.0,55.9,0.0
57128,263055502,32.0,ALUMINIO,LARANJA,38.0,EURO HOME,14.5,0.0,55.9,0.0
57358,241439984,30.5,INOX,INOX,26.0,EURO HOME,18.0,0.0,55.9,0.0
57365,241439984,30.5,INOX,INOX,26.0,EURO HOME,18.0,0.0,55.9,0.0
57490,263055502,32.0,ALUMINIO,LARANJA,38.0,EURO HOME,14.5,0.0,54.99,1.0
57940,241439984,30.5,INOX,INOX,26.0,EURO HOME,18.0,0.0,39.99,0.0
58197,263050084,32.5,ALUMINIO,VERMELHO,38.0,EURO HOME,14.5,0.0,44.99,0.0
58252,263050084,32.5,ALUMINIO,VERMELHO,38.0,EURO HOME,14.5,0.0,44.99,0.0
58643,241439984,30.5,INOX,INOX,26.0,EURO HOME,18.0,0.0,55.9,0.0
58662,241439984,30.5,INOX,INOX,26.0,EURO HOME,18.0,0.0,55.9571428571,0.0
58905,241439984,30.5,INOX,INOX,26.0,EURO HOME,18.0,0.0,55.9571428571,0.0
58975,263050084,32.5,ALUMINIO,VERMELHO,38.0,EURO HOME,14.5,0.0,44.99,0.0
59079,241439984,30.5,INOX,INOX,26.0,EURO HOME,18.0,0.0,55.9,0.0
59167,263055502,32.0,ALUMINIO,LARANJA,38.0,EURO HOME,14.5,0.0,54.99,0.0
59745,229575102,11.0,INOX,PRATA,9.0,BIALETTI,12.5,0.0,55.445,0.0
59827,241439984,30.5,INOX,INOX,26.0,EURO HOME,18.0,0.0,55.9,0.0
60054,263055502,32.0,ALUMINIO,LARANJA,38.0,EURO HOME,14.5,0.0,49.0,0.0
60158,241439984,30.5,INOX,INOX,26.0,EURO HOME,18.0,0.0,39.99,0.0
60732,263050084,32.5,ALUMINIO,VERMELHO,38.0,EURO HOME,14.5,0.0,44.99,0.0
60782,241439984,30.5,INOX,INOX,26.0,EURO HOME,18.0,0.0,55.9,0.0
61149,263055502,32.0,ALUMINIO,LARANJA,38.0,EURO HOME,14.5,0.0,51.49,0.0
61775,229575102,11.0,INOX,PRATA,9.0,BIALETTI,12.5,0.0,59.7,0.0
62051,229575102,11.0,INOX,PRATA,9.0,BIALETTI,12.5,0.0,59.7,0.0
62286,241439984,30.5,INOX,INOX,26.0,EURO HOME,18.0,0.0,55.9,0.0
62298,241439984,30.5,INOX,INOX,26.0,EURO HOME,18.0,0.0,55.9,0.0
62319,263055502,32.0,ALUMINIO,LARANJA,38.0,EURO HOME,14.5,0.0,54.99,0.0
62418,241439984,30.5,INOX,INOX,26.0,EURO HOME,18.0,0.0,55.9,0.0
62649,263055502,32.0,ALUMINIO,LARANJA,38.0,EURO HOME,14.5,0.0,49.0,0.0
62665,263050810,32.5,ALUMINIO,PRETO,38.0,EURO HOME,14.5,0.0,44.99,0.0
62666,241439984,30.5,INOX,INOX,26.0,EURO HOME,18.0,0.0,55.9,0.0
63165,241439984,30.5,INOX,INOX,26.0,EURO HOME,18.0,0.0,55.9,1.0
63227,241439984,30.5,INOX,INOX,26.0,EURO HOME,18.0,0.0,55.9,0.0
63484,241439984,30.5,INOX,INOX,26.0,EURO HOME,18.0,0.0,55.9,1.0
63752,229575102,11.0,INOX,PRATA,9.0,BIALETTI,12.5,0.0,59.7,0.0
64101,263055502,32.0,ALUMINIO,LARANJA,38.0,EURO HOME,14.5,0.0,54.99,0.0
64277,241439984,30.5,INOX,INOX,26.0,EURO HOME,18.0,0.0,55.9,0.0
64334,263055502,32.0,ALUMINIO,LARANJA,38.0,EURO HOME,14.5,0.0,54.99,0.0
64339,241439984,30.5,INOX,INOX,26.0,EURO HOME,18.0,0.0,55.9,0.0
64490,241439984,30.5,INOX,INOX,26.0,EURO HOME,18.0,0.0,55.9,0.0
64528,241439984,30.5,INOX,INOX,26.0,EURO HOME,18.0,0.0,55.9,0.0
64689,263055502,32.0,ALUMINIO,LARANJA,38.0,EURO HOME,14.5,0.0,49.0,0.0
65147,241439984,30.5,INOX,INOX,26.0,EURO HOME,18.0,0.0,55.9,0.0
65364,229575102,11.0,INOX,PRATA,9.0,BIALETTI,12.5,0.0,59.7,0.0
65655,241439984,30.5,INOX,INOX,26.0,EURO HOME,18.0,0.0,55.9,1.0
66289,241439984,30.5,INOX,INOX,26.0,EURO HOME,18.0,0.0,55.9,0.0
66384,241439984,30.5,INOX,INOX,26.0,EURO HOME,18.0,0.0,55.9,0.0
66567,241439984,30.5,INOX,INOX,26.0,EURO HOME,18.0,0.0,55.9,0.0
66626,229575102,11.0,INOX,PRATA,9.0,BIALETTI,12.5,0.0,50.445,0.0
67451,263050084,32.5,ALUMINIO,VERMELHO,38.0,EURO HOME,14.5,0.0,44.99,0.0
67870,241439984,30.5,INOX,INOX,26.0,EURO HOME,18.0,0.0,55.9,0.0
69159,241439984,30.5,INOX,INOX,26.0,EURO HOME,18.0,0.0,55.9,0.0
69287,241439984,30.5,INOX,INOX,26.0,EURO HOME,18.0,0.0,55.9,0.0
69548,263055502,32.0,ALUMINIO,LARANJA,38.0,EURO HOME,14.5,0.0,54.99,0.0
69671,229575102,11.0,INOX,PRATA,9.0,BIALETTI,12.5,0.0,59.7,0.0
70009,241439984,30.5,INOX,INOX,26.0,EURO HOME,18.0,0.0,55.9,0.0
71743,229575102,11.0,INOX,PRATA,9.0,BIALETTI,12.5,0.0,55.9,0.0
71755,241439984,30.5,INOX,INOX,26.0,EURO HOME,18.0,0.0,55.9,0.0
71819,241439984,30.5,INOX,INOX,26.0,EURO HOME,18.0,0.0,55.9,0.0
72183,263055502,32.0,ALUMINIO,LARANJA,38.0,EURO HOME,14.5,0.0,52.74375,0.0
72536,229575102,11.0,INOX,PRATA,9.0,BIALETTI,12.5,0.0,54.321875,0.0
72990,241439984,30.5,INOX,INOX,26.0,EURO HOME,18.0,0.0,55.9,0.0
73120,241439984,30.5,INOX,INOX,26.0,EURO HOME,18.0,0.0,55.9,1.0
73285,241439984,30.5,INOX,INOX,26.0,EURO HOME,18.0,0.0,55.9,0.0
73550,241439984,30.5,INOX,INOX,26.0,EURO HOME,18.0,0.0,55.9,0.0
74358,263055502,32.0,ALUMINIO,LARANJA,38.0,EURO HOME,14.5,0.0,54.99,1.0
74388,241439984,30.5,INOX,INOX,26.0,EURO HOME,18.0,0.0,56.026984127,0.0
74751,241439984,30.5,INOX,INOX,26.0,EURO HOME,18.0,0.0,55.9,0.0
74780,263050084,32.5,ALUMINIO,VERMELHO,38.0,EURO HOME,14.5,0.0,44.99,0.0
75333,241439984,30.5,INOX,INOX,26.0,EURO HOME,18.0,0.0,55.9,0.0
75891,263055822,32.0,ALUMINIO,VERMELHO,38.0,EURO HOME,14.5,0.0,52.45,0.0
75972,263055502,32.0,ALUMINIO,LARANJA,38.0,EURO HOME,14.5,0.0,49.0,0.0
76045,263055822,32.0,ALUMINIO,VERMELHO,38.0,EURO HOME,14.5,0.0,54.99,0.0
77238,263050084,32.5,ALUMINIO,VERMELHO,38.0,EURO HOME,14.5,0.0,44.99,1.0
77561,263050084,32.5,ALUMINIO,VERMELHO,38.0,EURO HOME,14.5,0.0,44.99,0.0
77705,241439984,30.5,INOX,INOX,26.0,EURO HOME,18.0,0.0,55.9,1.0
77734,241439984,30.5,INOX,INOX,26.0,EURO HOME,18.0,0.0,55.9,0.0
78933,263055822,32.0,ALUMINIO,VERMELHO,38.0,EURO HOME,14.5,0.0,49.3361538462,0.0
79474,241439984,30.5,INOX,INOX,26.0,EURO HOME,18.0,0.0,55.9,0.0
79856,263050084,32.5,ALUMINIO,VERMELHO,38.0,EURO HOME,14.5,0.0,44.99,0.0
80160,263055502,32.0,ALUMINIO,LARANJA,38.0,EURO HOME,14.5,0.0,50.445,0.0
80447,241439984,30.5,INOX,INOX,26.0,EURO HOME,18.0,0.0,55.9,0.0
80655,229575102,11.0,INOX,PRATA,9.0,BIALETTI,12.5,0.0,59.7,0.0
80684,263055822,32.0,ALUMINIO,VERMELHO,38.0,EURO HOME,14.5,0.0,57.8,0.0
80765,241439984,30.5,INOX,INOX,26.0,EURO HOME,18.0,0.0,55.9,0.0
81178,241439984,30.5,INOX,INOX,26.0,EURO HOME,18.0,0.0,55.9,0.0
81186,241439984,30.5,INOX,INOX,26.0,EURO HOME,18.0,0.0,50.445,0.0
81359,263050084,32.5,ALUMINIO,VERMELHO,38.0,EURO HOME,14.5,0.0,44.99,0.0
81427,241439984,30.5,INOX,INOX,26.0,EURO HOME,18.0,0.0,39.99,1.0
81635,263050810,32.5,ALUMINIO,PRETO,38.0,EURO HOME,14.5,0.0,44.99,1.0
81707,263055502,32.0,ALUMINIO,LARANJA,38.0,EURO HOME,14.5,0.0,49.0,0.0
81925,263055502,32.0,ALUMINIO,LARANJA,38.0,EURO HOME,14.5,0.0,54.99,0.0
81942,241439984,30.5,INOX,INOX,26.0,EURO HOME,18.0,0.0,55.9,0.0
82250,241439984,30.5,INOX,INOX,26.0,EURO HOME,18.0,0.0,55.9,0.0
82273,241439984,30.5,INOX,INOX,26.0,EURO HOME,18.0,0.0,55.9,0.0
82314,229575102,11.0,INOX,PRATA,9.0,BIALETTI,12.5,0.0,59.7,1.0
82477,241439984,30.5,INOX,INOX,26.0,EURO HOME,18.0,0.0,39.99,0.0
82574,241439984,30.5,INOX,INOX,26.0,EURO HOME,18.0,0.0,55.9,0.0
82892,241439984,30.5,INOX,INOX,26.0,EURO HOME,18.0,0.0,55.9,0.0
83046,241439984,30.5,INOX,INOX,26.0,EURO HOME,18.0,0.0,39.99,0.0
83670,241439984,30.5,INOX,INOX,26.0,EURO HOME,18.0,0.0,55.9,0.0
83725,229575102,11.0,INOX,PRATA,9.0,BIALETTI,12.5,0.0,59.7,0.0
83766,241439984,30.5,INOX,INOX,26.0,EURO HOME,18.0,0.0,55.9,0.0
83793,241439984,30.5,INOX,INOX,26.0,EURO HOME,18.0,0.0,55.9,0.0
84037,241439984,30.5,INOX,INOX,26.0,EURO HOME,18.0,0.0,39.99,0.0
84188,241439984,30.5,INOX,INOX,26.0,EURO HOME,18.0,0.0,55.95882352939999,0.0
84279,263050084,32.5,ALUMINIO,VERMELHO,38.0,EURO HOME,14.5,0.0,55.939215686266664,0.0
84338,263055502,32.0,ALUMINIO,LARANJA,38.0,EURO HOME,14.5,0.0,55.91960784313333,0.0
84821,241439984,30.5,INOX,INOX,26.0,EURO HOME,18.0,0.0,55.9,0.0
85326,263055502,32.0,ALUMINIO,LARANJA,38.0,EURO HOME,14.5,0.0,49.0,0.0
85670,241439984,30.5,INOX,INOX,26.0,EURO HOME,18.0,0.0,55.9,0.0
85693,263050084,32.5,ALUMINIO,VERMELHO,38.0,EURO HOME,14.5,0.0,44.99,0.0
85860,229575102,11.0,INOX,PRATA,9.0,BIALETTI,12.5,0.0,59.7322222222,0.0
85907,263055502,32.0,ALUMINIO,LARANJA,38.0,EURO HOME,14.5,0.0,52.74375,0.0
85980,241439984,30.5,INOX,INOX,26.0,EURO HOME,18.0,0.0,55.9,0.0
86308,241439984,30.5,INOX,INOX,26.0,EURO HOME,18.0,0.0,55.9,0.0
86563,241439984,30.5,INOX,INOX,26.0,EURO HOME,18.0,0.0,55.9,0.0
86713,241439984,30.5,INOX,INOX,26.0,EURO HOME,18.0,0.0,55.9,0.0
86807,263050810,32.5,ALUMINIO,PRETO,38.0,EURO HOME,14.5,0.0,44.99,0.0
87233,229575102,11.0,INOX,PRATA,9.0,BIALETTI,12.5,0.0,50.445,0.0
87704,241439984,30.5,INOX,INOX,26.0,EURO HOME,18.0,0.0,55.9,0.0
87761,241439984,30.5,INOX,INOX,26.0,EURO HOME,18.0,0.0,55.9,0.0
87889,241439984,30.5,INOX,INOX,26.0,EURO HOME,18.0,0.0,55.9,0.0
88055,263055502,32.0,ALUMINIO,LARANJA,38.0,EURO HOME,14.5,0.0,54.99,0.0
88338,229575102,11.0,INOX,PRATA,9.0,BIALETTI,12.5,0.0,59.7,0.0
88345,229575102,11.0,INOX,PRATA,9.0,BIALETTI,12.5,0.0,59.7,0.0
88569,241439984,30.5,INOX,INOX,26.0,EURO HOME,18.0,0.0,55.9,0.0
88689,241439984,30.5,INOX,INOX,26.0,EURO HOME,18.0,0.0,55.9,0.0
88795,263050084,32.5,ALUMINIO,VERMELHO,38.0,EURO HOME,14.5,0.0,44.99,0.0
88820,241439984,30.5,INOX,INOX,26.0,EURO HOME,18.0,0.0,39.99,0.0
88870,241439984,30.5,INOX,INOX,26.0,EURO HOME,18.0,0.0,55.9,0.0
89201,241439984,30.5,INOX,INOX,26.0,EURO HOME,18.0,0.0,55.9571428571,0.0
89431,229575102,11.0,INOX,PRATA,9.0,BIALETTI,12.5,0.0,59.7,0.0
89653,229575102,11.0,INOX,PRATA,9.0,BIALETTI,12.5,0.0,59.7,0.0
89721,263050084,32.5,ALUMINIO,VERMELHO,38.0,EURO HOME,14.5,0.0,44.99,0.0
89985,241439984,30.5,INOX,INOX,26.0,EURO HOME,18.0,0.0,55.9,1.0
90054,263050084,32.5,ALUMINIO,VERMELHO,38.0,EURO HOME,14.5,0.0,44.99,0.0
90219,241439984,30.5,INOX,INOX,26.0,EURO HOME,18.0,0.0,55.9,0.0
90548,263050810,32.5,ALUMINIO,PRETO,38.0,EURO HOME,14.5,0.0,44.99,0.0
90594,263055822,32.0,ALUMINIO,VERMELHO,38.0,EURO HOME,14.5,0.0,54.99,1.0
91454,241439984,30.5,INOX,INOX,26.0,EURO HOME,18.0,0.0,55.9,0.0
91485,229575102,11.0,INOX,PRATA,9.0,BIALETTI,12.5,0.0,55.9634920635,0.0
91514,241439984,30.5,INOX,INOX,26.0,EURO HOME,18.0,0.0,56.026984127,0.0
91836,241439984,30.5,INOX,INOX,26.0,EURO HOME,18.0,0.0,55.9,1.0
91898,263050084,32.5,ALUMINIO,VERMELHO,38.0,EURO HOME,14.5,0.0,44.99,0.0
91933,241439984,30.5,INOX,INOX,26.0,EURO HOME,18.0,0.0,55.9,0.0
91966,263050084,32.5,ALUMINIO,VERMELHO,38.0,EURO HOME,14.5,0.0,55.9,0.0
92006,241439984,30.5,INOX,INOX,26.0,EURO HOME,18.0,0.0,55.9,1.0
92228,20115912,22.0,ALUMINIO,COLORIDO,24.0,TRAMONTINA,40.0,1.0,0.55,0.0
92246,241439984,30.5,INOX,INOX,26.0,EURO HOME,18.0,0.0,55.9,0.0
92408,263050084,32.5,ALUMINIO,VERMELHO,38.0,EURO HOME,14.5,0.0,44.99,0.0
92520,229575102,11.0,INOX,PRATA,9.0,BIALETTI,12.5,0.0,59.7,0.0
92777,241439984,30.5,INOX,INOX,26.0,EURO HOME,18.0,0.0,39.99,0.0
93431,263055502,32.0,ALUMINIO,LARANJA,38.0,EURO HOME,14.5,0.0,54.99,0.0
93653,241439984,30.5,INOX,INOX,26.0,EURO HOME,18.0,0.0,55.445,0.0
94317,241439984,30.5,INOX,INOX,26.0,EURO HOME,18.0,0.0,55.9,0.0
94418,241439984,30.5,INOX,INOX,26.0,EURO HOME,18.0,0.0,55.9,0.0
94428,229575102,11.0,INOX,PRATA,9.0,BIALETTI,12.5,0.0,59.7,0.0
94960,229575102,11.0,INOX,PRATA,9.0,BIALETTI,12.5,0.0,57.8,0.0
95153,241439984,30.5,INOX,INOX,26.0,EURO HOME,18.0,0.0,55.9,1.0
95244,263050084,32.5,ALUMINIO,VERMELHO,38.0,EURO HOME,14.5,0.0,52.45,0.0
95865,263055502,32.0,ALUMINIO,LARANJA,38.0,EURO HOME,14.5,0.0,49.0,0.0
96155,241439984,30.5,INOX,INOX,26.0,EURO HOME,18.0,0.0,52.45,0.0
96581,241439984,30.5,INOX,INOX,26.0,EURO HOME,18.0,0.0,55.9,0.0
96756,263055502,32.0,ALUMINIO,LARANJA,38.0,EURO HOME,14.5,0.0,49.0,0.0
96913,241439984,30.5,INOX,INOX,26.0,EURO HOME,18.0,0.0,55.9,0.0
97018,241439984,30.5,INOX,INOX,26.0,EURO HOME,18.0,0.0,55.9,0.0
98706,263050084,32.5,ALUMINIO,VERMELHO,38.0,EURO HOME,14.5,0.0,50.445,0.0
98729,263050810,32.5,ALUMINIO,PRETO,38.0,EURO HOME,14.5,0.0,44.99,0.0
99134,263050084,32.5,ALUMINIO,VERMELHO,38.0,EURO HOME,14.5,0.0,44.99,0.0
99385,241439984,30.5,INOX,INOX,26.0,EURO HOME,18.0,0.0,55.9,0.0
100354,263050084,32.5,ALUMINIO,VERMELHO,38.0,EURO HOME,14.5,0.0,44.99,1.0
100384,241439984,30.5,INOX,INOX,26.0,EURO HOME,18.0,0.0,55.9,1.0
100477,263055502,32.0,ALUMINIO,LARANJA,38.0,EURO HOME,14.5,0.0,51.995,0.0
100496,263050084,32.5,ALUMINIO,VERMELHO,38.0,EURO HOME,14.5,0.0,44.99,0.0
100534,263055502,32.0,ALUMINIO,LARANJA,38.0,EURO HOME,14.5,0.0,52.74375,0.0
100950,241439984,30.5,INOX,INOX,26.0,EURO HOME,18.0,0.0,55.9,0.0
101187,241439984,30.5,INOX,INOX,26.0,EURO HOME,18.0,0.0,55.9,0.0
101451,241439984,30.5,INOX,INOX,26.0,EURO HOME,18.0,0.0,39.99,0.0
101519,263050084,32.5,ALUMINIO,VERMELHO,38.0,EURO HOME,14.5,0.0,44.99,0.0
101710,241439984,30.5,INOX,INOX,26.0,EURO HOME,18.0,0.0,56.0509433962,0.0
103140,241439984,30.5,INOX,INOX,26.0,EURO HOME,18.0,0.0,55.9,0.0
103393,241439984,30.5,INOX,INOX,26.0,EURO HOME,18.0,0.0,55.9,0.0
103573,241439984,30.5,INOX,INOX,26.0,EURO HOME,18.0,0.0,55.9,0.0
103615,241439984,30.5,INOX,INOX,26.0,EURO HOME,18.0,0.0,55.9,0.0
104042,241439984,30.5,INOX,INOX,26.0,EURO HOME,18.0,0.0,55.9,0.0
104183,263055502,32.0,ALUMINIO,LARANJA,38.0,EURO HOME,14.5,0.0,54.99,0.0
104272,241439984,30.5,INOX,INOX,26.0,EURO HOME,18.0,0.0,55.9,0.0
104340,241439984,30.5,INOX,INOX,26.0,EURO HOME,18.0,0.0,55.9571428571,0.0
104938,263050084,32.5,ALUMINIO,VERMELHO,38.0,EURO HOME,14.5,0.0,44.99,0.0
105145,241439984,30.5,INOX,INOX,26.0,EURO HOME,18.0,0.0,55.9,0.0
105481,241439984,30.5,INOX,INOX,26.0,EURO HOME,18.0,0.0,56.0509433962,0.0
105534,241439984,30.5,INOX,INOX,26.0,EURO HOME,18.0,0.0,55.95882352939999,0.0
105820,229575102,11.0,INOX,PRATA,9.0,BIALETTI,12.5,0.0,59.7,0.0
105823,229575102,11.0,INOX,PRATA,9.0,BIALETTI,12.5,0.0,64.7255,0.0
106283,229575102,11.0,INOX,PRATA,9.0,BIALETTI,12.5,0.0,59.7,0.0
106534,263055822,32.0,ALUMINIO,VERMELHO,38.0,EURO HOME,14.5,0.0,54.99,0.0
107209,241439984,30.5,INOX,INOX,26.0,EURO HOME,18.0,0.0,55.9,0.0
107243,241439984,30.5,INOX,INOX,26.0,EURO HOME,18.0,0.0,55.9,0.0
107312,241439984,30.5,INOX,INOX,26.0,EURO HOME,18.0,0.0,55.9,0.0
107558,241439984,30.5,INOX,INOX,26.0,EURO HOME,18.0,0.0,55.9,0.0
107610,241439984,30.5,INOX,INOX,26.0,EURO HOME,18.0,0.0,56.20769230770001,0.0
107804,241439984,30.5,INOX,INOX,26.0,EURO HOME,18.0,0.0,55.9,0.0
107820,241439984,30.5,INOX,INOX,26.0,EURO HOME,18.0,0.0,55.9,1.0
107839,241439984,30.5,INOX,INOX,26.0,EURO HOME,18.0,0.0,55.9,0.0
108070,263055502,32.0,ALUMINIO,LARANJA,38.0,EURO HOME,14.5,0.0,54.99,0.0
108500,241439984,30.5,INOX,INOX,26.0,EURO HOME,18.0,0.0,55.9,0.0
109086,241439984,30.5,INOX,INOX,26.0,EURO HOME,18.0,0.0,55.9,0.0
109175,241439984,30.5,INOX,INOX,26.0,EURO HOME,18.0,0.0,56.20769230770001,0.0
109274,263050084,32.5,ALUMINIO,VERMELHO,38.0,EURO HOME,14.5,0.0,44.99,1.0
109368,263055502,32.0,ALUMINIO,LARANJA,38.0,EURO HOME,14.5,0.0,54.99,0.0
109376,229575102,11.0,INOX,PRATA,9.0,BIALETTI,12.5,0.0,59.7,0.0
109616,263055502,32.0,ALUMINIO,LARANJA,38.0,EURO HOME,14.5,0.0,54.99,1.0
109936,241439984,30.5,INOX,INOX,26.0,EURO HOME,18.0,0.0,55.9571428571,0.0
111467,241439984,30.5,INOX,INOX,26.0,EURO HOME,18.0,0.0,55.9,0.0
111514,229575102,11.0,INOX,PRATA,9.0,BIALETTI,12.5,0.0,55.9,0.0
111686,241439984,30.5,INOX,INOX,26.0,EURO HOME,18.0,0.0,55.9,0.0
111778,241439984,30.5,INOX,INOX,26.0,EURO HOME,18.0,0.0,55.9,0.0
112291,241439984,30.5,INOX,INOX,26.0,EURO HOME,18.0,0.0,55.9,0.0
112485,241439984,30.5,INOX,INOX,26.0,EURO HOME,18.0,0.0,55.9,1.0
112649,241439984,30.5,INOX,INOX,26.0,EURO HOME,18.0,0.0,55.9,0.0
112731,241439984,30.5,INOX,INOX,26.0,EURO HOME,18.0,0.0,55.9,0.0
113375,241439984,30.5,INOX,INOX,26.0,EURO HOME,18.0,0.0,55.9,0.0
113437,263055822,32.0,ALUMINIO,VERMELHO,38.0,EURO HOME,14.5,0.0,54.99,1.0
113778,241439984,30.5,INOX,INOX,26.0,EURO HOME,18.0,0.0,57.345,0.0
114311,229575102,11.0,INOX,PRATA,9.0,BIALETTI,12.5,0.0,59.7,0.0
114410,229575102,11.0,INOX,PRATA,9.0,BIALETTI,12.5,0.0,59.7,0.0
114427,263055502,32.0,ALUMINIO,LARANJA,38.0,EURO HOME,14.5,0.0,49.0,0.0
114671,241439984,30.5,INOX,INOX,26.0,EURO HOME,18.0,0.0,55.9,0.0
114922,241439984,30.5,INOX,INOX,26.0,EURO HOME,18.0,0.0,55.9,0.0
115006,263050084,32.5,ALUMINIO,VERMELHO,38.0,EURO HOME,14.5,0.0,44.99,0.0
115012,229575102,11.0,INOX,PRATA,9.0,BIALETTI,12.5,0.0,59.7,0.0
115330,241439984,30.5,INOX,INOX,26.0,EURO HOME,18.0,0.0,55.9,0.0
115336,263050084,32.5,ALUMINIO,VERMELHO,38.0,EURO HOME,14.5,0.0,44.99,0.0
115342,241439984,30.5,INOX,INOX,26.0,EURO HOME,18.0,0.0,55.9571428571,0.0
115612,263055502,32.0,ALUMINIO,LARANJA,38.0,EURO HOME,14.5,0.0,49.0,0.0
116052,241439984,30.5,INOX,INOX,26.0,EURO HOME,18.0,0.0,55.9,0.0
116063,241439984,30.5,INOX,INOX,26.0,EURO HOME,18.0,0.0,55.9,0.0
116137,263055502,32.0,ALUMINIO,LARANJA,38.0,EURO HOME,14.5,0.0,54.99,0.0
116383,263055502,32.0,ALUMINIO,LARANJA,38.0,EURO HOME,14.5,0.0,54.99,0.0
116620,241439984,30.5,INOX,INOX,26.0,EURO HOME,18.0,0.0,55.9,0.0
116966,241439984,30.5,INOX,INOX,26.0,EURO HOME,18.0,0.0,56.026984127,0.0
116996,241439984,30.5,INOX,INOX,26.0,EURO HOME,18.0,0.0,39.99,0.0
117404,241439984,30.5,INOX,INOX,26.0,EURO HOME,18.0,0.0,55.9,1.0
117540,241439984,30.5,INOX,INOX,26.0,EURO HOME,18.0,0.0,55.9,0.0
117546,241439984,30.5,INOX,INOX,26.0,EURO HOME,18.0,0.0,55.9,0.0
117996,229575102,11.0,INOX,PRATA,9.0,BIALETTI,12.5,0.0,59.7,0.0
118174,263055502,32.0,ALUMINIO,LARANJA,38.0,EURO HOME,14.5,0.0,54.99,0.0
118413,241439984,30.5,INOX,INOX,26.0,EURO HOME,18.0,0.0,55.9,0.0
118510,241439984,30.5,INOX,INOX,26.0,EURO HOME,18.0,0.0,55.9,0.0
118548,241439984,30.5,INOX,INOX,26.0,EURO HOME,18.0,0.0,55.9,0.0
118551,263055502,32.0,ALUMINIO,LARANJA,38.0,EURO HOME,14.5,0.0,52.74375,0.0
118602,241439984,30.5,INOX,INOX,26.0,EURO HOME,18.0,0.0,55.9,0.0
118707,241439984,30.5,INOX,INOX,26.0,EURO HOME,18.0,0.0,55.9,0.0
118956,241439984,30.5,INOX,INOX,26.0,EURO HOME,18.0,0.0,55.9,0.0
119033,241439984,30.5,INOX,INOX,26.0,EURO HOME,18.0,0.0,55.9571428571,0.0
119652,241439984,30.5,INOX,INOX,26.0,EURO HOME,18.0,0.0,55.9,0.0
120146,241439984,30.5,INOX,INOX,26.0,EURO HOME,18.0,0.0,55.9,0.0
120176,241439984,30.5,INOX,INOX,26.0,EURO HOME,18.0,0.0,55.9,0.0
