,ITEM_ID,ALTURA,COR,LARGURA,MARCA,PROFUNDIDADE,TEM_FERRO_FUNDIDO,SESSION_ID,ITEM_PRICE,INTERESTED
120229,256638176,10.0,VERMELHO,24.5,BRINOX,39.0,NAO,670.053861168,49.99,0.0
120471,256638176,10.0,VERMELHO,24.5,BRINOX,39.0,NAO,400.349137453,49.99,0.0
120539,256638176,10.0,VERMELHO,24.5,BRINOX,39.0,NAO,765.0783326610001,49.99,0.0
120775,256638176,10.0,VERMELHO,24.5,BRINOX,39.0,NAO,917.0899035660001,49.99,0.0
121164,256638176,10.0,VERMELHO,24.5,BRINOX,39.0,NAO,503.932932873,49.99,0.0
121291,256638176,10.0,VERMELHO,24.5,BRINOX,39.0,NAO,157.835706705,49.99,0.0
121367,256638176,10.0,VERMELHO,24.5,BRINOX,39.0,NAO,758.4306478889999,49.99,0.0
121600,256638176,10.0,VERMELHO,24.5,BRINOX,39.0,NAO,822.1435980010001,49.99,0.0
121631,256638176,10.0,VERMELHO,24.5,BRINOX,39.0,NAO,248.704270468,48.0366666667,1.0
121881,256638176,10.0,VERMELHO,24.5,BRINOX,39.0,NAO,531.8124100919999,49.99,0.0
122007,256638176,10.0,VERMELHO,24.5,BRINOX,39.0,NAO,248.192120685,49.99,0.0
122021,256638176,10.0,VERMELHO,24.5,BRINOX,39.0,NAO,88.4151650718,49.99,0.0
122090,256638176,10.0,VERMELHO,24.5,BRINOX,39.0,NAO,73.3040064331,49.99,0.0
122162,256638176,10.0,VERMELHO,24.5,BRINOX,39.0,NAO,8.6631814786,49.99,0.0
122567,256638176,10.0,VERMELHO,24.5,BRINOX,39.0,NAO,2.3735241134900003,49.99,0.0
122770,256638176,10.0,VERMELHO,24.5,BRINOX,39.0,NAO,695.5000122660001,49.99,0.0
122832,257168168,3.0,VERMELHO,22.0,BRINOX,42.5,NAO,834.160802016,104.82,0.0
122855,257104276,4.7,LARANJA,19.5,HERCULES,33.0,SIM,168.313247218,77.405,0.0
123153,256638176,10.0,VERMELHO,24.5,BRINOX,39.0,NAO,472.241450349,49.99,0.0
123304,256638176,10.0,VERMELHO,24.5,BRINOX,39.0,NAO,800.3924870660001,49.99,0.0
123580,256638176,10.0,VERMELHO,24.5,BRINOX,39.0,NAO,281.09187106400003,49.99,0.0
123727,256638176,10.0,VERMELHO,24.5,BRINOX,39.0,NAO,94.51146485049999,49.99,0.0
123976,256638176,10.0,VERMELHO,24.5,BRINOX,39.0,NAO,409.449969909,49.99,0.0
124101,256638176,10.0,VERMELHO,24.5,BRINOX,39.0,NAO,966.598327767,49.99,0.0
124114,256638176,10.0,VERMELHO,24.5,BRINOX,39.0,NAO,32.6993076278,59.0,0.0
124135,257168168,3.0,VERMELHO,22.0,BRINOX,42.5,NAO,648.80123164,104.82,0.0
124544,256638176,10.0,VERMELHO,24.5,BRINOX,39.0,NAO,686.8402739859999,49.99,0.0
124618,256638176,10.0,VERMELHO,24.5,BRINOX,39.0,NAO,324.479729529,49.99,0.0
124631,256638176,10.0,VERMELHO,24.5,BRINOX,39.0,NAO,375.223351471,49.99,0.0
124936,256638176,10.0,VERMELHO,24.5,BRINOX,39.0,NAO,996.128861056,49.99,0.0
124937,256638176,10.0,VERMELHO,24.5,BRINOX,39.0,NAO,409.822212964,49.99,0.0
124962,256638176,10.0,VERMELHO,24.5,BRINOX,39.0,NAO,960.9186481239999,49.99,0.0
125536,256638176,10.0,VERMELHO,24.5,BRINOX,39.0,NAO,600.957071275,49.99,0.0
125854,256638176,10.0,VERMELHO,24.5,BRINOX,39.0,NAO,369.701817124,49.99,0.0
126037,256638176,10.0,VERMELHO,24.5,BRINOX,39.0,NAO,855.346393412,49.99,0.0
126370,256638176,10.0,VERMELHO,24.5,BRINOX,39.0,NAO,247.628878409,49.99,0.0
126616,256638176,10.0,VERMELHO,24.5,BRINOX,39.0,NAO,3.3913954089,49.99,0.0
126944,256638176,10.0,VERMELHO,24.5,BRINOX,39.0,NAO,978.61014128,49.99,0.0
127169,256638176,10.0,VERMELHO,24.5,BRINOX,39.0,NAO,466.84212989300005,49.99,0.0
127179,256638176,10.0,VERMELHO,24.5,BRINOX,39.0,NAO,996.0238049710001,49.99,0.0
127431,257104276,4.7,LARANJA,19.5,HERCULES,33.0,SIM,75.8439619482,79.99,0.0
127459,256638176,10.0,VERMELHO,24.5,BRINOX,39.0,NAO,166.073295805,56.03,0.0
127723,256638176,10.0,VERMELHO,24.5,BRINOX,39.0,NAO,947.0160263360001,49.99,0.0
127801,256638176,10.0,VERMELHO,24.5,BRINOX,39.0,NAO,797.754559085,49.99,0.0
127969,256638176,10.0,VERMELHO,24.5,BRINOX,39.0,NAO,386.109220071,49.99,0.0
127983,256638176,10.0,VERMELHO,24.5,BRINOX,39.0,NAO,860.6785518610001,49.99,0.0
128007,256638176,10.0,VERMELHO,24.5,BRINOX,39.0,NAO,25.7706594189,49.99,0.0
128083,256638176,10.0,VERMELHO,24.5,BRINOX,39.0,NAO,881.0912053889999,47.99,0.0
128203,256638176,10.0,VERMELHO,24.5,BRINOX,39.0,NAO,127.140518944,48.704285714300006,0.0
128325,256638176,10.0,VERMELHO,24.5,BRINOX,39.0,NAO,259.519541161,49.99,0.0
128433,256638176,10.0,VERMELHO,24.5,BRINOX,39.0,NAO,345.780235869,49.99,0.0
128487,257104276,4.7,LARANJA,19.5,HERCULES,33.0,SIM,251.480042323,49.99,0.0
128566,256638176,10.0,VERMELHO,24.5,BRINOX,39.0,NAO,64.4115655205,49.99,0.0
128608,256638176,10.0,VERMELHO,24.5,BRINOX,39.0,NAO,987.51899635,49.99,0.0
128685,256638176,10.0,VERMELHO,24.5,BRINOX,39.0,NAO,905.946539273,50.2097560976,0.0
128784,256638176,10.0,VERMELHO,24.5,BRINOX,39.0,NAO,504.395944089,49.99,0.0
128893,257165678,8.0,VERMELHO,27.0,BRINOX,46.0,NAO,129.844292574,172.9,1.0
129030,256638176,10.0,VERMELHO,24.5,BRINOX,39.0,NAO,396.65107492,49.99,0.0
129050,256638176,10.0,VERMELHO,24.5,BRINOX,39.0,NAO,837.139715789,49.99,0.0
129255,256638176,10.0,VERMELHO,24.5,BRINOX,39.0,NAO,396.49383083099997,49.99,0.0
129322,256638176,10.0,VERMELHO,24.5,BRINOX,39.0,NAO,951.6350922080001,49.99,0.0
129340,256638176,10.0,VERMELHO,24.5,BRINOX,39.0,NAO,522.3533818569999,49.99,0.0
129464,256638176,10.0,VERMELHO,24.5,BRINOX,39.0,NAO,199.006769855,50.2097560976,0.0
129485,256638176,10.0,VERMELHO,24.5,BRINOX,39.0,NAO,696.698185565,49.99,0.0
129807,256638176,10.0,VERMELHO,24.5,BRINOX,39.0,NAO,847.794690827,51.33191489359999,0.0
129966,257165678,8.0,VERMELHO,27.0,BRINOX,46.0,NAO,851.773656733,180.63,0.0
130392,256638176,10.0,VERMELHO,24.5,BRINOX,39.0,NAO,879.818948342,49.99,0.0
130816,256638176,10.0,VERMELHO,24.5,BRINOX,39.0,NAO,461.12981247,49.99,0.0
130952,256638176,10.0,VERMELHO,24.5,BRINOX,39.0,NAO,578.4814162590001,49.99,0.0
130962,256638176,10.0,VERMELHO,24.5,BRINOX,39.0,NAO,718.4734622139999,49.99,0.0
130976,256638176,10.0,VERMELHO,24.5,BRINOX,39.0,NAO,38.8399405831,49.99,0.0
131027,256638176,10.0,VERMELHO,24.5,BRINOX,39.0,NAO,118.17166987600001,49.99,0.0
131128,256638176,10.0,VERMELHO,24.5,BRINOX,39.0,NAO,91.17741936799999,49.99,0.0
131357,256638176,10.0,VERMELHO,24.5,BRINOX,39.0,NAO,17.869061635999998,49.99,0.0
131465,256638176,10.0,VERMELHO,24.5,BRINOX,39.0,NAO,178.648016112,49.99,0.0
131635,256638176,10.0,VERMELHO,24.5,BRINOX,39.0,NAO,970.537774075,49.99,0.0
131714,256638176,10.0,VERMELHO,24.5,BRINOX,39.0,NAO,770.0291160989999,47.99,0.0
131715,257104276,4.7,LARANJA,19.5,HERCULES,33.0,SIM,515.293591237,79.99,0.0
131905,256638176,10.0,VERMELHO,24.5,BRINOX,39.0,NAO,156.374976799,49.99,0.0
132253,256638176,10.0,VERMELHO,24.5,BRINOX,39.0,NAO,689.1970972,49.99,0.0
132355,258469598,13.5,CEREJA,24.3,BRINOX,40.0,NAO,270.708955781,49.001666666649996,0.0
132371,256638176,10.0,VERMELHO,24.5,BRINOX,39.0,NAO,687.2584447219999,48.0133333333,0.0
132383,256638176,10.0,VERMELHO,24.5,BRINOX,39.0,NAO,690.7889995310001,48.704285714300006,0.0
132516,257168168,3.0,VERMELHO,22.0,BRINOX,42.5,NAO,651.276641991,104.82,0.0
132878,256638176,10.0,VERMELHO,24.5,BRINOX,39.0,NAO,827.410233244,49.99,0.0
133117,256638176,10.0,VERMELHO,24.5,BRINOX,39.0,NAO,633.481040702,49.99,0.0
133146,256638176,10.0,VERMELHO,24.5,BRINOX,39.0,NAO,488.918516989,49.99,0.0
133219,256638176,10.0,VERMELHO,24.5,BRINOX,39.0,NAO,535.3799388580001,49.99,0.0
133403,256638176,10.0,VERMELHO,24.5,BRINOX,39.0,NAO,426.14202490300005,59.0,0.0
133405,256638176,10.0,VERMELHO,24.5,BRINOX,39.0,NAO,885.361803525,49.99,0.0
133415,258467700,13.0,AZUL,24.7,BRINOX,40.0,NAO,255.24881267900003,49.99,0.0
133474,256638176,10.0,VERMELHO,24.5,BRINOX,39.0,NAO,580.241733299,49.99,0.0
133569,256638176,10.0,VERMELHO,24.5,BRINOX,39.0,NAO,551.160017177,49.99,0.0
133695,256638176,10.0,VERMELHO,24.5,BRINOX,39.0,NAO,447.005341786,49.99,0.0
133764,256638176,10.0,VERMELHO,24.5,BRINOX,39.0,NAO,517.8683959919999,49.99,0.0
133815,256638176,10.0,VERMELHO,24.5,BRINOX,39.0,NAO,695.055318315,49.99,0.0
133944,256638176,10.0,VERMELHO,24.5,BRINOX,39.0,NAO,805.125602574,49.99,0.0
134034,256638176,10.0,VERMELHO,24.5,BRINOX,39.0,NAO,915.195886833,51.4297916667,0.0
134234,257162980,3.0,PRETO,22.0,BRINOX,42.5,NAO,903.518589783,82.64,0.0
134683,256638176,10.0,VERMELHO,24.5,BRINOX,39.0,NAO,704.864075362,49.99,0.0
134988,256638176,10.0,VERMELHO,24.5,BRINOX,39.0,NAO,998.676703483,49.99,0.0
134991,256638176,10.0,VERMELHO,24.5,BRINOX,39.0,NAO,275.91028941900004,49.99,0.0
135223,256638176,10.0,VERMELHO,24.5,BRINOX,39.0,NAO,194.24850498,49.99,0.0
135327,256638176,10.0,VERMELHO,24.5,BRINOX,39.0,NAO,919.7760724660001,49.99,0.0
135356,256638176,10.0,VERMELHO,24.5,BRINOX,39.0,NAO,61.452927152799994,49.99,0.0
135501,256638176,10.0,VERMELHO,24.5,BRINOX,39.0,NAO,154.28998261700002,49.99,0.0
136116,256638176,10.0,VERMELHO,24.5,BRINOX,39.0,NAO,26.7116084829,48.704285714300006,0.0
136430,256638176,10.0,VERMELHO,24.5,BRINOX,39.0,NAO,13.0345327545,49.347142857150004,0.0
136483,256638176,10.0,VERMELHO,24.5,BRINOX,39.0,NAO,472.37132681599996,49.99,0.0
137076,256638176,10.0,VERMELHO,24.5,BRINOX,39.0,NAO,430.893465218,49.99,0.0
137411,256638176,10.0,VERMELHO,24.5,BRINOX,39.0,NAO,263.705518345,49.99,0.0
138081,256638176,10.0,VERMELHO,24.5,BRINOX,39.0,NAO,487.035061445,64.99,0.0
138212,257104276,4.7,LARANJA,19.5,HERCULES,33.0,SIM,182.703157347,79.99,0.0
138218,256638176,10.0,VERMELHO,24.5,BRINOX,39.0,NAO,311.431795592,64.99,0.0
138523,256638176,10.0,VERMELHO,24.5,BRINOX,39.0,NAO,796.25971955,49.99,0.0
138581,256638176,10.0,VERMELHO,24.5,BRINOX,39.0,NAO,310.71840739999993,49.99,0.0
138599,256638176,10.0,VERMELHO,24.5,BRINOX,39.0,NAO,17.0558117778,49.99,0.0
138948,256638176,10.0,VERMELHO,24.5,BRINOX,39.0,NAO,59.909981105,49.99,0.0
138992,258468188,10.0,PRATA,24.5,BRINOX,39.0,NAO,985.80372693,49.99,0.0
139113,256638176,10.0,VERMELHO,24.5,BRINOX,39.0,NAO,715.288692156,49.99,0.0
139277,256638176,10.0,VERMELHO,24.5,BRINOX,39.0,NAO,707.05468504,49.99,0.0
139465,256638176,10.0,VERMELHO,24.5,BRINOX,39.0,NAO,843.3180692660001,49.99,0.0
139598,256638176,10.0,VERMELHO,24.5,BRINOX,39.0,NAO,431.22200055,49.99,0.0
139709,256638176,10.0,VERMELHO,24.5,BRINOX,39.0,NAO,123.563802341,49.99,0.0
139810,256638176,10.0,VERMELHO,24.5,BRINOX,39.0,NAO,165.926785,49.99,0.0
139985,257104276,4.7,LARANJA,19.5,HERCULES,33.0,SIM,141.469554175,49.99,0.0
140045,256638176,10.0,VERMELHO,24.5,BRINOX,39.0,NAO,238.408135619,49.99,0.0
140590,256638176,10.0,VERMELHO,24.5,BRINOX,39.0,NAO,890.978870723,49.32333333333334,0.0
140986,257165678,8.0,VERMELHO,27.0,BRINOX,46.0,NAO,948.736742476,48.656666666666666,0.0
141216,256638176,10.0,VERMELHO,24.5,BRINOX,39.0,NAO,594.260928326,47.99,0.0
141383,256638176,10.0,VERMELHO,24.5,BRINOX,39.0,NAO,686.0368218369999,51.4297916667,0.0
141425,256638176,10.0,VERMELHO,24.5,BRINOX,39.0,NAO,56.7993165069,49.99,0.0
141536,256638176,10.0,VERMELHO,24.5,BRINOX,39.0,NAO,35.0270163125,82.49000000000001,0.0
141594,257104276,4.7,LARANJA,19.5,HERCULES,33.0,SIM,279.608486932,114.99,1.0
141617,256638176,10.0,VERMELHO,24.5,BRINOX,39.0,NAO,77.74211143,49.99,0.0
141634,258468262,13.0,FENDI,24.7,BRINOX,40.0,NAO,44.5132447544,73.56190476200001,0.0
141955,256638176,10.0,VERMELHO,24.5,BRINOX,39.0,NAO,237.416415964,97.13380952400001,0.0
141978,257168168,3.0,VERMELHO,22.0,BRINOX,42.5,NAO,199.065979971,120.705714286,0.0
142226,256638176,10.0,VERMELHO,24.5,BRINOX,39.0,NAO,575.179221045,49.99,0.0
142257,256638176,10.0,VERMELHO,24.5,BRINOX,39.0,NAO,75.8439619482,49.99,0.0
142666,256638176,10.0,VERMELHO,24.5,BRINOX,39.0,NAO,907.3815158780001,47.99,0.0
143143,256638176,10.0,VERMELHO,24.5,BRINOX,39.0,NAO,230.354490361,49.99,0.0
143649,257104276,4.7,LARANJA,19.5,HERCULES,33.0,SIM,36.728711944299995,49.99,0.0
144090,256638176,10.0,VERMELHO,24.5,BRINOX,39.0,NAO,559.830124677,49.99,0.0
144113,256638176,10.0,VERMELHO,24.5,BRINOX,39.0,NAO,764.190502796,49.99,0.0
144145,256638176,10.0,VERMELHO,24.5,BRINOX,39.0,NAO,801.595655214,49.99,0.0
144212,256638176,10.0,VERMELHO,24.5,BRINOX,39.0,NAO,707.225008192,49.99,0.0
144339,256638176,10.0,VERMELHO,24.5,BRINOX,39.0,NAO,547.16008903,49.99,0.0
144953,256638176,10.0,VERMELHO,24.5,BRINOX,39.0,NAO,796.4523781080001,49.99,0.0
144966,256638176,10.0,VERMELHO,24.5,BRINOX,39.0,NAO,107.89983347799999,49.99,0.0
144979,256638176,10.0,VERMELHO,24.5,BRINOX,39.0,NAO,713.192302293,49.99,0.0
145193,256638176,10.0,VERMELHO,24.5,BRINOX,39.0,NAO,753.2793706880001,49.99,0.0
145233,256638176,10.0,VERMELHO,24.5,BRINOX,39.0,NAO,424.67788698699997,49.99,0.0
145433,256638176,10.0,VERMELHO,24.5,BRINOX,39.0,NAO,1.24880296107,49.99,0.0
145756,256638176,10.0,VERMELHO,24.5,BRINOX,39.0,NAO,804.4465102639999,49.99,0.0
145880,256638176,10.0,VERMELHO,24.5,BRINOX,39.0,NAO,556.38160813,49.99,0.0
145920,256638176,10.0,VERMELHO,24.5,BRINOX,39.0,NAO,347.54387514,49.99,0.0
145954,256638176,10.0,VERMELHO,24.5,BRINOX,39.0,NAO,861.1992658139999,49.99,0.0
146054,256638176,10.0,VERMELHO,24.5,BRINOX,39.0,NAO,234.99868731900003,49.99,0.0
146603,256638176,10.0,VERMELHO,24.5,BRINOX,39.0,NAO,478.608855561,49.99,0.0
146749,256638176,10.0,VERMELHO,24.5,BRINOX,39.0,NAO,967.6645126610001,49.99,0.0
146984,256638176,10.0,VERMELHO,24.5,BRINOX,39.0,NAO,603.5742381719999,49.99,0.0
147137,256638176,10.0,VERMELHO,24.5,BRINOX,39.0,NAO,810.64359427,49.99,0.0
147158,256638176,10.0,VERMELHO,24.5,BRINOX,39.0,NAO,32.2031175581,49.99,0.0
147198,256638176,10.0,VERMELHO,24.5,BRINOX,39.0,NAO,223.11076880299998,49.99,0.0
147547,256638176,10.0,VERMELHO,24.5,BRINOX,39.0,NAO,631.276945832,51.4297916667,0.0
147549,256638176,10.0,VERMELHO,24.5,BRINOX,39.0,NAO,824.81405405,49.99,0.0
147691,256638176,10.0,VERMELHO,24.5,BRINOX,39.0,NAO,199.269113327,49.99,0.0
148052,256638176,10.0,VERMELHO,24.5,BRINOX,39.0,NAO,201.834983495,49.99,0.0
148191,256638176,10.0,VERMELHO,24.5,BRINOX,39.0,NAO,921.150436773,49.99,0.0
148285,256638176,10.0,VERMELHO,24.5,BRINOX,39.0,NAO,76.5743473269,49.99,0.0
148443,256638176,10.0,VERMELHO,24.5,BRINOX,39.0,NAO,390.20006138599996,50.2097560976,0.0
148647,256638176,10.0,VERMELHO,24.5,BRINOX,39.0,NAO,883.957455251,49.99,0.0
148714,257165678,8.0,VERMELHO,27.0,BRINOX,46.0,NAO,736.8944197110001,164.9,1.0
148896,256638176,10.0,VERMELHO,24.5,BRINOX,39.0,NAO,374.31259778599997,107.44500000000001,0.0
149060,256638176,10.0,VERMELHO,24.5,BRINOX,39.0,NAO,828.080546423,49.99,0.0
149104,257104276,4.7,LARANJA,19.5,HERCULES,33.0,SIM,822.6115640039999,49.99,0.0
149328,256638176,10.0,VERMELHO,24.5,BRINOX,39.0,NAO,112.020580684,49.99,0.0
149367,258468188,10.0,PRATA,24.5,BRINOX,39.0,NAO,877.2148573530001,56.03,0.0
149452,258468188,10.0,PRATA,24.5,BRINOX,39.0,NAO,875.276710947,53.010000000000005,0.0
149532,256638176,10.0,VERMELHO,24.5,BRINOX,39.0,NAO,60.2939031867,49.99,0.0
149745,256638176,10.0,VERMELHO,24.5,BRINOX,39.0,NAO,305.745542108,48.704285714300006,0.0
150066,257104276,4.7,LARANJA,19.5,HERCULES,33.0,SIM,607.4553547180001,49.347142857150004,0.0
150071,256638176,10.0,VERMELHO,24.5,BRINOX,39.0,NAO,630.9581052375,49.99,0.0
150613,256638176,10.0,VERMELHO,24.5,BRINOX,39.0,NAO,654.460855757,49.99,0.0
150721,256638176,10.0,VERMELHO,24.5,BRINOX,39.0,NAO,731.531213772,49.99,1.0
150727,256638176,10.0,VERMELHO,24.5,BRINOX,39.0,NAO,994.066287219,49.99,0.0
150844,256638176,10.0,VERMELHO,24.5,BRINOX,39.0,NAO,135.680506824,48.704285714300006,0.0
150899,258468188,10.0,PRATA,24.5,BRINOX,39.0,NAO,380.288607215,49.347142857150004,0.0
150919,256638176,10.0,VERMELHO,24.5,BRINOX,39.0,NAO,168.825642404,49.99,0.0
150921,256638176,10.0,VERMELHO,24.5,BRINOX,39.0,NAO,839.988805006,49.99,0.0
151065,256638176,10.0,VERMELHO,24.5,BRINOX,39.0,NAO,589.971471867,49.99,0.0
151077,256638176,10.0,VERMELHO,24.5,BRINOX,39.0,NAO,244.168766708,49.99,0.0
151348,256638176,10.0,VERMELHO,24.5,BRINOX,39.0,NAO,370.96405209,49.99,0.0
151350,256638176,10.0,VERMELHO,24.5,BRINOX,39.0,NAO,489.11027138099996,50.6609574468,0.0
151574,256638176,10.0,VERMELHO,24.5,BRINOX,39.0,NAO,711.536382528,51.33191489359999,0.0
151737,257165678,8.0,VERMELHO,27.0,BRINOX,46.0,NAO,56.607616186499996,180.63,0.0
152247,256638176,10.0,VERMELHO,24.5,BRINOX,39.0,NAO,685.259033856,49.99,0.0
152267,256638176,10.0,VERMELHO,24.5,BRINOX,39.0,NAO,659.751089933,49.99,0.0
152323,256638176,10.0,VERMELHO,24.5,BRINOX,39.0,NAO,80.6526069427,49.99,0.0
152546,256638176,10.0,VERMELHO,24.5,BRINOX,39.0,NAO,445.742507363,49.99,0.0
152708,256638176,10.0,VERMELHO,24.5,BRINOX,39.0,NAO,389.34592437599997,49.99,0.0
152796,256638176,10.0,VERMELHO,24.5,BRINOX,39.0,NAO,6.844743526749999,49.99,0.0
152896,256638176,10.0,VERMELHO,24.5,BRINOX,39.0,NAO,664.999387244,49.99,0.0
153067,256638176,10.0,VERMELHO,24.5,BRINOX,39.0,NAO,922.335176948,49.99,0.0
153115,256638176,10.0,VERMELHO,24.5,BRINOX,39.0,NAO,105.02212237100001,47.99,0.0
153442,256638176,10.0,VERMELHO,24.5,BRINOX,39.0,NAO,749.361433853,49.99,0.0
153660,256638176,10.0,VERMELHO,24.5,BRINOX,39.0,NAO,886.532006727,49.99,0.0
153800,256638176,10.0,VERMELHO,24.5,BRINOX,39.0,NAO,702.7160900169999,49.99,0.0
154297,256638176,10.0,VERMELHO,24.5,BRINOX,39.0,NAO,43.846864976800006,49.99,0.0
154467,256638176,10.0,VERMELHO,24.5,BRINOX,39.0,NAO,639.704378023,49.99,0.0
154743,256638176,10.0,VERMELHO,24.5,BRINOX,39.0,NAO,586.991728409,49.99,0.0
154772,256638176,10.0,VERMELHO,24.5,BRINOX,39.0,NAO,894.6369845989999,49.99,0.0
155315,256638176,10.0,VERMELHO,24.5,BRINOX,39.0,NAO,980.067971062,49.99,0.0
155542,256638176,10.0,VERMELHO,24.5,BRINOX,39.0,NAO,974.52270955,49.99,0.0
155568,256638176,10.0,VERMELHO,24.5,BRINOX,39.0,NAO,16.9021050656,48.704285714300006,0.0
155922,256638176,10.0,VERMELHO,24.5,BRINOX,39.0,NAO,360.05933128099997,49.99,0.0
156117,257104276,4.7,LARANJA,19.5,HERCULES,33.0,SIM,469.29496367400003,49.99,0.0
156280,256638176,10.0,VERMELHO,24.5,BRINOX,39.0,NAO,49.4836723419,49.99,0.0
156319,256638176,10.0,VERMELHO,24.5,BRINOX,39.0,NAO,282.10901714700003,49.99,0.0
156548,256638176,10.0,VERMELHO,24.5,BRINOX,39.0,NAO,600.184524373,49.99,0.0
156838,256638176,10.0,VERMELHO,24.5,BRINOX,39.0,NAO,782.152785203,49.99,0.0
156849,257104276,4.7,LARANJA,19.5,HERCULES,33.0,SIM,1.68279544426,49.99,0.0
156914,256638176,10.0,VERMELHO,24.5,BRINOX,39.0,NAO,998.688646855,49.99,0.0
156927,256638176,10.0,VERMELHO,24.5,BRINOX,39.0,NAO,658.720960919,49.99,0.0
157112,256638176,10.0,VERMELHO,24.5,BRINOX,39.0,NAO,678.8427162209999,47.99,0.0
157328,256638176,10.0,VERMELHO,24.5,BRINOX,39.0,NAO,518.880609048,49.99,0.0
157333,256638176,10.0,VERMELHO,24.5,BRINOX,39.0,NAO,942.766485359,49.99,0.0
157426,256638176,10.0,VERMELHO,24.5,BRINOX,39.0,NAO,759.61147031,49.99,0.0
157564,256638176,10.0,VERMELHO,24.5,BRINOX,39.0,NAO,123.80090989,49.99,0.0
157658,256638176,10.0,VERMELHO,24.5,BRINOX,39.0,NAO,521.6446049169999,50.2097560976,0.0
157786,256638176,10.0,VERMELHO,24.5,BRINOX,39.0,NAO,202.192518825,49.99,0.0
157960,256638176,10.0,VERMELHO,24.5,BRINOX,39.0,NAO,952.895701163,49.99,0.0
158000,258469598,13.5,CEREJA,24.3,BRINOX,40.0,NAO,796.25971955,54.495000000000005,0.0
158734,256638176,10.0,VERMELHO,24.5,BRINOX,39.0,NAO,524.413845843,59.0,0.0
158804,256638176,10.0,VERMELHO,24.5,BRINOX,39.0,NAO,302.805779478,49.99,0.0
159145,256638176,10.0,VERMELHO,24.5,BRINOX,39.0,NAO,960.3767835860001,49.99,0.0
159493,256638176,10.0,VERMELHO,24.5,BRINOX,39.0,NAO,125.794900831,49.99,0.0
159801,256638176,10.0,VERMELHO,24.5,BRINOX,39.0,NAO,706.8384712430001,49.99,0.0
159807,256638176,10.0,VERMELHO,24.5,BRINOX,39.0,NAO,938.335151035,49.99,0.0
159841,256638176,10.0,VERMELHO,24.5,BRINOX,39.0,NAO,850.0039357689999,49.99,0.0
160037,257104276,4.7,LARANJA,19.5,HERCULES,33.0,SIM,31.4310315642,49.99,0.0
160536,256638176,10.0,VERMELHO,24.5,BRINOX,39.0,NAO,779.426750157,49.99,0.0
160737,256638176,10.0,VERMELHO,24.5,BRINOX,39.0,NAO,868.64395316,49.99,0.0
160866,256638176,10.0,VERMELHO,24.5,BRINOX,39.0,NAO,331.51143911099996,49.99,0.0
160917,256638176,10.0,VERMELHO,24.5,BRINOX,39.0,NAO,345.10742628199995,49.99,0.0
161101,257165678,8.0,VERMELHO,27.0,BRINOX,46.0,NAO,967.122415557,49.99,0.0
161106,256638176,10.0,VERMELHO,24.5,BRINOX,39.0,NAO,328.50919907900004,49.99,0.0
161146,256638176,10.0,VERMELHO,24.5,BRINOX,39.0,NAO,495.60915452800003,49.99,0.0
161350,256638176,10.0,VERMELHO,24.5,BRINOX,39.0,NAO,277.71824890700003,49.99,0.0
161372,256638176,10.0,VERMELHO,24.5,BRINOX,39.0,NAO,97.0513552986,49.99,0.0
161535,256638176,10.0,VERMELHO,24.5,BRINOX,39.0,NAO,43.8987417053,73.74,0.0
161554,257104276,4.7,LARANJA,19.5,HERCULES,33.0,SIM,790.5525653889999,97.49,0.0
161584,256638176,10.0,VERMELHO,24.5,BRINOX,39.0,NAO,475.560261419,47.99,0.0
161665,256638176,10.0,VERMELHO,24.5,BRINOX,39.0,NAO,708.870515786,49.99,0.0
161891,256638176,10.0,VERMELHO,24.5,BRINOX,39.0,NAO,721.600313574,49.99,0.0
161955,256638176,10.0,VERMELHO,24.5,BRINOX,39.0,NAO,807.3339756889999,49.99,0.0
162010,256638176,10.0,VERMELHO,24.5,BRINOX,39.0,NAO,542.087776136,49.99,0.0
162294,256638176,10.0,VERMELHO,24.5,BRINOX,39.0,NAO,741.830061967,49.99,1.0
162364,256638176,10.0,VERMELHO,24.5,BRINOX,39.0,NAO,643.603414703,49.99,0.0
162576,256638176,10.0,VERMELHO,24.5,BRINOX,39.0,NAO,218.461562977,49.99,0.0
162805,256638176,10.0,VERMELHO,24.5,BRINOX,39.0,NAO,525.325730883,49.99,0.0
162809,256638176,10.0,VERMELHO,24.5,BRINOX,39.0,NAO,518.676643728,49.99,0.0
162826,256638176,10.0,VERMELHO,24.5,BRINOX,39.0,NAO,807.367015131,49.99,0.0
162839,257104276,4.7,LARANJA,19.5,HERCULES,33.0,SIM,62.3169070792,49.99,0.0
162853,256638176,10.0,VERMELHO,24.5,BRINOX,39.0,NAO,382.147951376,49.99,0.0
163018,256638176,10.0,VERMELHO,24.5,BRINOX,39.0,NAO,905.9910102189999,56.03,0.0
163055,256638176,10.0,VERMELHO,24.5,BRINOX,39.0,NAO,924.971988617,53.010000000000005,0.0
163084,256638176,10.0,VERMELHO,24.5,BRINOX,39.0,NAO,249.394572777,49.99,0.0
163528,256638176,10.0,VERMELHO,24.5,BRINOX,39.0,NAO,287.091340743,50.0998780488,0.0
163576,256638176,10.0,VERMELHO,24.5,BRINOX,39.0,NAO,249.699242693,50.2097560976,0.0
163795,257104276,4.7,LARANJA,19.5,HERCULES,33.0,SIM,508.258458055,50.0998780488,0.0
164163,256638176,10.0,VERMELHO,24.5,BRINOX,39.0,NAO,935.8970697039999,49.99,0.0
164191,256638176,10.0,VERMELHO,24.5,BRINOX,39.0,NAO,340.089558781,49.99,0.0
164534,257104276,4.7,LARANJA,19.5,HERCULES,33.0,SIM,242.675156915,79.99,0.0
164540,256638176,10.0,VERMELHO,24.5,BRINOX,39.0,NAO,395.217351259,49.99,0.0
164610,257104276,4.7,LARANJA,19.5,HERCULES,33.0,SIM,862.2541843930001,79.99,0.0
164635,257104276,4.7,LARANJA,19.5,HERCULES,33.0,SIM,908.7667532639999,79.99,0.0
164657,256638176,10.0,VERMELHO,24.5,BRINOX,39.0,NAO,332.458521395,64.99,0.0
164955,256638176,10.0,VERMELHO,24.5,BRINOX,39.0,NAO,730.962547895,49.99,0.0
165315,256638176,10.0,VERMELHO,24.5,BRINOX,39.0,NAO,948.174839933,49.99,0.0
165401,256638176,10.0,VERMELHO,24.5,BRINOX,39.0,NAO,337.959983183,49.99,0.0
165404,256638176,10.0,VERMELHO,24.5,BRINOX,39.0,NAO,102.84680928,49.99,0.0
165411,256638176,10.0,VERMELHO,24.5,BRINOX,39.0,NAO,805.342355034,49.99,0.0
165644,256638176,10.0,VERMELHO,24.5,BRINOX,39.0,NAO,302.087054169,49.99,0.0
165842,256638176,10.0,VERMELHO,24.5,BRINOX,39.0,NAO,781.68357032,49.99,0.0
165979,256638176,10.0,VERMELHO,24.5,BRINOX,39.0,NAO,98.1880803907,47.99,0.0
166133,256638176,10.0,VERMELHO,24.5,BRINOX,39.0,NAO,72.411463782,49.99,0.0
166331,257104276,4.7,LARANJA,19.5,HERCULES,33.0,SIM,579.432135162,49.99,0.0
166748,256638176,10.0,VERMELHO,24.5,BRINOX,39.0,NAO,121.42137329,49.99,0.0
167389,257168210,8.0,PRETO,27.0,BRINOX,46.0,NAO,501.35057333099996,49.99,0.0
167768,256638176,10.0,VERMELHO,24.5,BRINOX,39.0,NAO,68.7804786832,49.99,0.0
167817,256638176,10.0,VERMELHO,24.5,BRINOX,39.0,NAO,590.944678456,49.99,0.0
167981,256638176,10.0,VERMELHO,24.5,BRINOX,39.0,NAO,945.911096478,49.99,0.0
167986,256638176,10.0,VERMELHO,24.5,BRINOX,39.0,NAO,826.072821447,47.99,0.0
168055,256638176,10.0,VERMELHO,24.5,BRINOX,39.0,NAO,396.851605372,49.99,0.0
168103,256638176,10.0,VERMELHO,24.5,BRINOX,39.0,NAO,858.504939915,48.704285714300006,0.0
168131,256638176,10.0,VERMELHO,24.5,BRINOX,39.0,NAO,111.035526265,49.99,0.0
168247,256638176,10.0,VERMELHO,24.5,BRINOX,39.0,NAO,464.589433345,49.99,0.0
168340,256638176,10.0,VERMELHO,24.5,BRINOX,39.0,NAO,240.992006683,59.0,0.0
168392,256638176,10.0,VERMELHO,24.5,BRINOX,39.0,NAO,220.734713146,49.99,0.0
168405,256638176,10.0,VERMELHO,24.5,BRINOX,39.0,NAO,303.937728993,49.99,0.0
168683,256638176,10.0,VERMELHO,24.5,BRINOX,39.0,NAO,870.412668935,49.99,0.0
168767,256638176,10.0,VERMELHO,24.5,BRINOX,39.0,NAO,717.0198717860001,49.99,0.0
168907,257104276,4.7,LARANJA,19.5,HERCULES,33.0,SIM,140.146869423,49.99,0.0
168978,256638176,10.0,VERMELHO,24.5,BRINOX,39.0,NAO,101.964891185,49.99,0.0
169102,256638176,10.0,VERMELHO,24.5,BRINOX,39.0,NAO,740.036801921,51.33191489359999,0.0
169252,257104276,4.7,LARANJA,19.5,HERCULES,33.0,SIM,303.41116116,79.99,0.0
169413,256638176,10.0,VERMELHO,24.5,BRINOX,39.0,NAO,415.48699396300003,49.99,0.0
169509,256638176,10.0,VERMELHO,24.5,BRINOX,39.0,NAO,256.59550997400004,49.99,0.0
169783,258468188,10.0,PRATA,24.5,BRINOX,39.0,NAO,782.818827583,49.99,0.0
169881,256638176,10.0,VERMELHO,24.5,BRINOX,39.0,NAO,496.36537100699996,49.99,0.0
169940,256638176,10.0,VERMELHO,24.5,BRINOX,39.0,NAO,866.317403974,49.99,0.0
170089,256638176,10.0,VERMELHO,24.5,BRINOX,39.0,NAO,457.32203703,49.99,0.0
170201,257162980,3.0,PRETO,22.0,BRINOX,42.5,NAO,822.8975900610001,88.12,1.0
170530,256638176,10.0,VERMELHO,24.5,BRINOX,39.0,NAO,585.166883074,49.99,0.0
170571,256638176,10.0,VERMELHO,24.5,BRINOX,39.0,NAO,136.329495887,49.99,0.0
170686,256638176,10.0,VERMELHO,24.5,BRINOX,39.0,NAO,9.16474040949,49.99,0.0
170838,256638176,10.0,VERMELHO,24.5,BRINOX,39.0,NAO,29.018285752199997,49.99,0.0
171274,256638176,10.0,VERMELHO,24.5,BRINOX,39.0,NAO,817.747640325,49.99,0.0
171512,256638176,10.0,VERMELHO,24.5,BRINOX,39.0,NAO,967.32578519,49.99,0.0
171561,258467700,13.0,AZUL,24.7,BRINOX,40.0,NAO,681.651839037,77.57,0.0
171610,256638176,10.0,VERMELHO,24.5,BRINOX,39.0,NAO,679.945466323,49.99,0.0
171831,256638176,10.0,VERMELHO,24.5,BRINOX,39.0,NAO,185.777260775,51.4297916667,0.0
171838,256638176,10.0,VERMELHO,24.5,BRINOX,39.0,NAO,813.135538473,50.2097560976,0.0
172002,256638176,10.0,VERMELHO,24.5,BRINOX,39.0,NAO,394.91983751199996,49.99,0.0
172087,256638176,10.0,VERMELHO,24.5,BRINOX,39.0,NAO,638.58762249,49.99,0.0
172106,256638176,10.0,VERMELHO,24.5,BRINOX,39.0,NAO,310.149041529,49.99,1.0
172253,256638176,10.0,VERMELHO,24.5,BRINOX,39.0,NAO,268.140751233,49.99,0.0
172371,256638176,10.0,VERMELHO,24.5,BRINOX,39.0,NAO,103.35724471799999,49.99,0.0
173716,256638176,10.0,VERMELHO,24.5,BRINOX,39.0,NAO,582.2746938280001,49.99,0.0
173867,256638176,10.0,VERMELHO,24.5,BRINOX,39.0,NAO,847.161305146,49.99,0.0
173898,256638176,10.0,VERMELHO,24.5,BRINOX,39.0,NAO,685.259662134,49.99,0.0
173997,256638176,10.0,VERMELHO,24.5,BRINOX,39.0,NAO,486.92054782900004,48.99,0.0
174050,256638176,10.0,VERMELHO,24.5,BRINOX,39.0,NAO,279.81379978,47.99,0.0
174297,256638176,10.0,VERMELHO,24.5,BRINOX,39.0,NAO,577.852643551,49.99,0.0
174552,256638176,10.0,VERMELHO,24.5,BRINOX,39.0,NAO,61.4284116437,49.99,0.0
174850,256638176,10.0,VERMELHO,24.5,BRINOX,39.0,NAO,617.4104330069999,49.99,0.0
174921,256638176,10.0,VERMELHO,24.5,BRINOX,39.0,NAO,873.7024578639999,49.99,0.0
174997,256638176,10.0,VERMELHO,24.5,BRINOX,39.0,NAO,489.470055628,49.99,0.0
175039,257162980,3.0,PRETO,22.0,BRINOX,42.5,NAO,682.14032386,82.64,0.0
175165,256638176,10.0,VERMELHO,24.5,BRINOX,39.0,NAO,718.66037773,49.99,0.0
175521,258468188,10.0,PRATA,24.5,BRINOX,39.0,NAO,230.817564772,56.03,0.0
175591,257104276,4.7,LARANJA,19.5,HERCULES,33.0,SIM,566.033063824,53.010000000000005,0.0
175678,256638176,10.0,VERMELHO,24.5,BRINOX,39.0,NAO,606.612485288,49.99,0.0
175973,256638176,10.0,VERMELHO,24.5,BRINOX,39.0,NAO,425.569456152,49.99,0.0
176001,256638176,10.0,VERMELHO,24.5,BRINOX,39.0,NAO,616.47942104,49.99,0.0
176414,257104276,4.7,LARANJA,19.5,HERCULES,33.0,SIM,346.402412411,49.99,0.0
176535,256638176,10.0,VERMELHO,24.5,BRINOX,39.0,NAO,764.198636705,49.99,0.0
176657,256638176,10.0,VERMELHO,24.5,BRINOX,39.0,NAO,496.34289932,49.99,0.0
176739,256638176,10.0,VERMELHO,24.5,BRINOX,39.0,NAO,60.6092207141,49.99,0.0
176825,256638176,10.0,VERMELHO,24.5,BRINOX,39.0,NAO,159.238897133,59.0,0.0
176848,256638176,10.0,VERMELHO,24.5,BRINOX,39.0,NAO,250.312993031,49.99,0.0
177343,256638176,10.0,VERMELHO,24.5,BRINOX,39.0,NAO,912.6353149419999,49.99,0.0
177430,256638176,10.0,VERMELHO,24.5,BRINOX,39.0,NAO,531.4517143019999,49.99,0.0
177675,256638176,10.0,VERMELHO,24.5,BRINOX,39.0,NAO,579.432135162,49.99,0.0
177713,256638176,10.0,VERMELHO,24.5,BRINOX,39.0,NAO,645.605461022,49.99,0.0
177792,256638176,10.0,VERMELHO,24.5,BRINOX,39.0,NAO,611.689015316,49.99,0.0
178216,256638176,10.0,VERMELHO,24.5,BRINOX,39.0,NAO,879.141337864,47.99,0.0
178272,256638176,10.0,VERMELHO,24.5,BRINOX,39.0,NAO,255.178590963,49.99,0.0
178336,256638176,10.0,VERMELHO,24.5,BRINOX,39.0,NAO,192.700491763,49.99,0.0
178412,256638176,10.0,VERMELHO,24.5,BRINOX,39.0,NAO,639.912765972,49.99,0.0
178520,256638176,10.0,VERMELHO,24.5,BRINOX,39.0,NAO,402.82405765699997,49.99,0.0
178883,257104276,4.7,LARANJA,19.5,HERCULES,33.0,SIM,938.668532441,97.49,0.0
178927,256638176,10.0,VERMELHO,24.5,BRINOX,39.0,NAO,619.10462852,49.99,0.0
179117,256638176,10.0,VERMELHO,24.5,BRINOX,39.0,NAO,307.869986102,49.99,0.0
179156,256638176,10.0,VERMELHO,24.5,BRINOX,39.0,NAO,472.06607981,49.99,0.0
179299,256638176,10.0,VERMELHO,24.5,BRINOX,39.0,NAO,626.75502292,49.99,0.0
179361,258468262,13.0,FENDI,24.7,BRINOX,40.0,NAO,854.343420181,49.99,0.0
179494,256638176,10.0,VERMELHO,24.5,BRINOX,39.0,NAO,185.319606395,49.99,1.0
179715,256638176,10.0,VERMELHO,24.5,BRINOX,39.0,NAO,569.2626365909999,49.99,0.0
179779,256638176,10.0,VERMELHO,24.5,BRINOX,39.0,NAO,655.468821133,49.99,0.0
179790,256638176,10.0,VERMELHO,24.5,BRINOX,39.0,NAO,599.998354804,49.99,0.0
179897,256638176,10.0,VERMELHO,24.5,BRINOX,39.0,NAO,619.2991513119999,49.99,0.0
179981,257168168,3.0,VERMELHO,22.0,BRINOX,42.5,NAO,750.5888601180001,119.9,1.0
180038,257104276,4.7,LARANJA,19.5,HERCULES,33.0,SIM,256.927023375,119.9,0.0
180058,256638176,10.0,VERMELHO,24.5,BRINOX,39.0,NAO,864.03885831,119.9,0.0
